time,open,high,low,close
2024-07-11T09:56:00Z,3983,3985,3983,3985
2024-07-11T09:57:00Z,3983,3983,3983,3983
2024-07-11T09:59:00Z,3982,3984,3982,3983
2024-07-11T13:03:00Z,3990,3990,3990,3990
2024-07-11T13:04:00Z,3990,3990,3990,3990
2024-07-11T13:19:00Z,3983,3983,3983,3983
2024-07-11T13:28:00Z,3980,3980,3980,3980
2024-07-11T13:29:00Z,3980,3980,3980,3980
2024-07-11T13:30:00Z,3980,3980,3980,3980
2024-07-11T13:46:00Z,3981,3981,3981,3981
2024-07-11T13:57:00Z,3986,3986,3986,3986
2024-07-11T13:59:00Z,3991,3992,3991,3992
2024-07-11T14:00:00Z,3993,3994,3993,3994
2024-07-11T14:01:00Z,3995,3996,3995,3996
2024-07-11T14:02:00Z,3997,3997,3997,3997
2024-07-11T14:04:00Z,3998,3998,3998,3998
2024-07-11T14:14:00Z,3992,3992,3992,3992
2024-07-11T14:18:00Z,3992,3992,3990,3991
2024-07-11T14:19:00Z,3990,3990,3989,3989
2024-07-11T14:22:00Z,3989,3989,3989,3989
2024-07-11T14:37:00Z,3998,3998,3998,3998
2024-07-11T14:40:00Z,3993,3993,3993,3993
2024-07-11T14:41:00Z,3999,4000,3999,4000
2024-07-11T15:01:00Z,3996,3996,3996,3996
2024-07-11T15:02:00Z,3996,3998,3996,3998
2024-07-11T15:23:00Z,3994,3994,3994,3994
2024-07-11T15:26:00Z,3996,3996,3995,3995
2024-07-11T15:27:00Z,3994,3996,3994,3996
2024-07-11T15:28:00Z,3995,3995,3995,3995
2024-07-12T02:30:00Z,4020,4027,4019,4021
2024-07-12T02:31:00Z,4020,4023,4020,4020
2024-07-12T02:32:00Z,4023,4023,4021,4021
2024-07-12T02:33:00Z,4022,4023,4022,4023
2024-07-12T02:34:00Z,4020,4020,4012,4012
2024-07-12T02:35:00Z,4016,4023,4015,4021
2024-07-12T02:37:00Z,4020,4020,4018,4020
2024-07-12T02:38:00Z,4013,4013,4012,4012
2024-07-12T02:39:00Z,4015,4016,4015,4016
2024-07-12T02:41:00Z,4014,4014,4012,4012
2024-07-12T02:43:00Z,4018,4018,4018,4018
2024-07-12T02:44:00Z,4018,4018,4016,4016
2024-07-12T02:45:00Z,4019,4019,4019,4019
2024-07-12T02:46:00Z,4020,4020,4017,4017
2024-07-12T02:48:00Z,4020,4020,4020,4020
2024-07-12T02:49:00Z,4023,4024,4023,4023
2024-07-12T02:50:00Z,4022,4024,4021,4024
2024-07-12T02:52:00Z,4020,4020,4020,4020
2024-07-12T02:55:00Z,4012,4012,4011,4011
2024-07-12T02:57:00Z,4015,4016,4015,4016
2024-07-12T02:59:00Z,4007,4007,4005,4005
2024-07-12T03:00:00Z,4005,4005,4005,4005
2024-07-12T03:02:00Z,4002,4002,3999,4000
2024-07-12T03:03:00Z,4000,4000,4000,4000
2024-07-12T03:04:00Z,4003,4003,4003,4003
2024-07-12T03:05:00Z,4005,4005,4005,4005
2024-07-12T03:11:00Z,4005,4010,4005,4010
2024-07-12T03:14:00Z,4012,4012,4012,4012
2024-07-12T03:15:00Z,4013,4013,4013,4013
2024-07-12T03:17:00Z,4006,4006,4006,4006
2024-07-12T03:19:00Z,4007,4007,4007,4007
2024-07-12T03:20:00Z,4003,4003,4003,4003
2024-07-12T03:22:00Z,3996,3996,3995,3995
2024-07-12T03:27:00Z,3998,3998,3998,3998
2024-07-12T03:31:00Z,3993,3993,3993,3993
2024-07-12T03:42:00Z,3991,3991,3991,3991
2024-07-12T03:46:00Z,3993,3993,3993,3993
2024-07-12T03:47:00Z,3995,3995,3994,3994
2024-07-12T03:48:00Z,3995,3995,3995,3995
2024-07-12T03:53:00Z,3992,3992,3986,3988
2024-07-12T03:54:00Z,3988,3988,3988,3988
2024-07-12T03:56:00Z,3991,3996,3990,3994
2024-07-12T03:57:00Z,3992,3996,3991,3992
2024-07-12T03:58:00Z,3990,3995,3990,3995
2024-07-12T04:02:00Z,3995,3995,3995,3995
2024-07-12T04:04:00Z,3990,3990,3990,3990
2024-07-12T04:17:00Z,3988,3988,3988,3988
2024-07-12T04:29:00Z,3989,3990,3989,3990
2024-07-12T06:30:00Z,3987,3988,3986,3986
2024-07-12T06:32:00Z,3984,3984,3984,3984
2024-07-12T06:36:00Z,3978,3978,3978,3978
2024-07-12T06:39:00Z,3982,3982,3982,3982
2024-07-12T06:42:00Z,3984,3984,3984,3984
2024-07-12T06:59:00Z,3970,3970,3970,3970
2024-07-12T07:00:00Z,3968,3968,3968,3968
2024-07-12T07:01:00Z,3966,3966,3964,3964
2024-07-12T07:03:00Z,3963,3964,3963,3963
2024-07-12T07:15:00Z,3965,3965,3965,3965
2024-07-12T07:26:00Z,3968,3970,3968,3970
2024-07-12T07:29:00Z,3965,3965,3965,3965
2024-07-12T07:31:00Z,3965,3965,3965,3965
2024-07-12T07:33:00Z,3963,3963,3962,3962
2024-07-12T07:34:00Z,3960,3960,3959,3959
2024-07-12T07:35:00Z,3959,3959,3959,3959
2024-07-12T07:36:00Z,3953,3953,3952,3952
2024-07-12T07:44:00Z,3955,3955,3955,3955
2024-07-12T07:48:00Z,3956,3956,3956,3956
2024-07-12T07:52:00Z,3964,3970,3964,3970
2024-07-12T07:55:00Z,3964,3965,3964,3965
2024-07-12T08:01:00Z,3959,3959,3959,3959
2024-07-12T08:04:00Z,3957,3957,3957,3957
2024-07-12T08:10:00Z,3950,3950,3950,3950
2024-07-12T08:15:00Z,3951,3954,3951,3954
2024-07-12T08:16:00Z,3955,3956,3955,3956
2024-07-12T08:17:00Z,3956,3960,3956,3960
2024-07-12T08:18:00Z,3959,3960,3959,3960
2024-07-12T08:19:00Z,3960,3961,3960,3961
2024-07-12T08:26:00Z,3961,3961,3961,3961
2024-07-12T08:27:00Z,3962,3963,3962,3963
2024-07-12T08:28:00Z,3962,3962,3962,3962
2024-07-12T08:30:00Z,3964,3964,3964,3964
2024-07-12T08:34:00Z,3965,3965,3965,3965
2024-07-12T08:35:00Z,3967,3967,3967,3967
2024-07-12T08:37:00Z,3965,3965,3965,3965
2024-07-12T08:42:00Z,3965,3965,3965,3965
2024-07-12T09:00:00Z,3964,3964,3964,3964
2024-07-12T09:04:00Z,3961,3961,3960,3960
2024-07-12T09:06:00Z,3960,3960,3960,3960
2024-07-12T09:18:00Z,3956,3956,3955,3955
2024-07-12T09:22:00Z,3956,3956,3956,3956
2024-07-12T09:26:00Z,3950,3950,3950,3950
2024-07-12T09:27:00Z,3949,3949,3949,3949
2024-07-12T09:28:00Z,3953,3953,3953,3953
2024-07-12T09:29:00Z,3953,3954,3953,3953
2024-07-12T09:30:00Z,3953,3953,3951,3951
2024-07-12T09:31:00Z,3951,3951,3951,3951
2024-07-12T09:50:00Z,3942,3945,3942,3945
2024-07-12T09:51:00Z,3948,3948,3948,3948
2024-07-12T09:52:00Z,3947,3947,3946,3946
2024-07-12T09:53:00Z,3945,3945,3945,3945
2024-07-12T09:54:00Z,3944,3944,3944,3944
2024-07-12T09:55:00Z,3945,3946,3945,3946
2024-07-12T09:56:00Z,3946,3949,3946,3949
2024-07-12T09:57:00Z,3947,3948,3947,3948
2024-07-12T09:58:00Z,3948,3952,3948,3952
2024-07-12T09:59:00Z,3948,3948,3947,3947
2024-07-15T02:30:00Z,3905,3905,3905,3905
2024-07-15T02:31:00Z,3915,3917,3915,3917
2024-07-15T02:32:00Z,3918,3918,3918,3918
2024-07-15T02:39:00Z,3936,3936,3934,3936
2024-07-15T02:40:00Z,3952,3952,3945,3945
2024-07-15T02:41:00Z,3942,3942,3942,3942
2024-07-15T02:42:00Z,3934,3934,3932,3934
2024-07-15T02:43:00Z,3935,3935,3930,3930
2024-07-15T02:44:00Z,3936,3936,3936,3936
2024-07-15T02:51:00Z,3946,3946,3946,3946
2024-07-15T02:52:00Z,3945,3947,3945,3947
2024-07-15T02:53:00Z,3950,3952,3950,3952
2024-07-15T02:56:00Z,3947,3947,3947,3947
2024-07-15T03:00:00Z,3944,3944,3944,3944
2024-07-15T03:01:00Z,3947,3954,3947,3954
2024-07-15T03:02:00Z,3951,3955,3951,3955
2024-07-15T03:03:00Z,3955,3956,3952,3952
2024-07-15T03:04:00Z,3951,3951,3950,3950
2024-07-15T03:05:00Z,3950,3950,3950,3950
2024-07-15T03:06:00Z,3949,3949,3946,3946
2024-07-15T03:12:00Z,3950,3950,3950,3950
2024-07-15T03:13:00Z,3952,3952,3949,3949
2024-07-15T03:14:00Z,3949,3949,3947,3947
2024-07-15T03:15:00Z,3949,3949,3949,3949
2024-07-15T03:16:00Z,3950,3950,3950,3950
2024-07-15T03:18:00Z,3946,3946,3946,3946
2024-07-15T03:21:00Z,3950,3951,3950,3951
2024-07-15T03:22:00Z,3952,3955,3952,3954
2024-07-15T03:23:00Z,3954,3954,3954,3954
2024-07-15T03:26:00Z,3960,3960,3959,3959
2024-07-15T03:31:00Z,3956,3957,3956,3957
2024-07-15T03:34:00Z,3955,3955,3955,3955
2024-07-15T03:37:00Z,3957,3957,3956,3956
2024-07-15T03:40:00Z,3955,3955,3955,3955
2024-07-15T03:45:00Z,3954,3954,3954,3954
2024-07-15T03:46:00Z,3953,3953,3953,3953
2024-07-15T03:49:00Z,3957,3957,3957,3957
2024-07-15T03:58:00Z,3954,3954,3953,3953
2024-07-15T03:59:00Z,3949,3949,3949,3949
2024-07-15T04:00:00Z,3947,3947,3947,3947
2024-07-15T04:01:00Z,3946,3946,3943,3943
2024-07-15T04:03:00Z,3937,3937,3935,3935
2024-07-15T04:10:00Z,3939,3940,3939,3940
2024-07-15T04:11:00Z,3940,3940,3940,3940
2024-07-15T04:13:00Z,3942,3942,3941,3941
2024-07-15T04:17:00Z,3942,3942,3942,3942
2024-07-15T04:19:00Z,3941,3941,3941,3941
2024-07-15T04:20:00Z,3941,3941,3941,3941
2024-07-15T04:23:00Z,3947,3947,3947,3947
2024-07-15T04:26:00Z,3946,3946,3946,3946
2024-07-15T04:27:00Z,3945,3945,3945,3945
2024-07-15T04:28:00Z,3943,3944,3943,3944
2024-07-15T06:33:00Z,3938,3938,3938,3938
2024-07-15T06:34:00Z,3937,3937,3930,3930
2024-07-15T06:36:00Z,3937,3941,3937,3940
2024-07-15T06:40:00Z,3949,3949,3949,3949
2024-07-15T06:46:00Z,3940,3940,3940,3940
2024-07-15T06:48:00Z,3936,3936,3936,3936
2024-07-15T06:49:00Z,3936,3936,3936,3936
2024-07-15T07:00:00Z,3945,3945,3945,3945
2024-07-15T07:03:00Z,3938,3938,3933,3933
2024-07-15T07:04:00Z,3933,3933,3932,3932
2024-07-15T07:14:00Z,3937,3937,3936,3936
2024-07-15T07:15:00Z,3935,3935,3935,3935
2024-07-15T07:16:00Z,3934,3934,3934,3934
2024-07-15T07:20:00Z,3934,3934,3934,3934
2024-07-15T07:22:00Z,3935,3935,3935,3935
2024-07-15T07:30:00Z,3934,3934,3931,3931
2024-07-15T07:32:00Z,3930,3930,3930,3930
2024-07-15T07:33:00Z,3929,3929,3929,3929
2024-07-15T07:34:00Z,3928,3928,3928,3928
2024-07-15T07:35:00Z,3927,3928,3926,3926
2024-07-15T07:50:00Z,3926,3926,3926,3926
2024-07-15T07:59:00Z,3925,3925,3924,3924
2024-07-15T08:00:00Z,3923,3923,3921,3923
2024-07-15T08:01:00Z,3923,3923,3923,3923
2024-07-15T08:02:00Z,3923,3923,3920,3920
2024-07-15T08:06:00Z,3920,3920,3920,3920
2024-07-15T08:07:00Z,3920,3922,3920,3922
2024-07-15T08:10:00Z,3920,3920,3920,3920
2024-07-15T08:12:00Z,3920,3920,3919,3919
2024-07-15T08:13:00Z,3919,3919,3918,3918
2024-07-15T08:14:00Z,3917,3917,3917,3917
2024-07-15T08:15:00Z,3917,3917,3915,3915
2024-07-15T08:16:00Z,3914,3914,3914,3914
2024-07-15T08:17:00Z,3917,3917,3917,3917
2024-07-15T08:22:00Z,3923,3923,3923,3923
2024-07-15T08:23:00Z,3921,3921,3921,3921
2024-07-15T08:29:00Z,3924,3924,3924,3924
2024-07-15T08:30:00Z,3922,3922,3920,3920
2024-07-15T08:31:00Z,3920,3920,3920,3920
2024-07-15T08:32:00Z,3920,3920,3920,3920
2024-07-15T08:33:00Z,3918,3918,3918,3918
2024-07-15T08:34:00Z,3918,3918,3914,3914
2024-07-15T08:35:00Z,3913,3913,3913,3913
2024-07-15T08:36:00Z,3913,3914,3912,3912
2024-07-15T08:37:00Z,3911,3911,3910,3910
2024-07-15T08:38:00Z,3911,3911,3911,3911
2024-07-15T08:41:00Z,3910,3910,3910,3910
2024-07-15T08:43:00Z,3911,3912,3911,3912
2024-07-15T08:44:00Z,3911,3914,3911,3914
2024-07-15T08:45:00Z,3912,3913,3912,3913
2024-07-15T08:47:00Z,3916,3918,3913,3913
2024-07-15T08:54:00Z,3915,3916,3915,3916
2024-07-15T09:07:00Z,3911,3911,3910,3910
2024-07-15T09:08:00Z,3909,3910,3909,3910
2024-07-15T09:11:00Z,3911,3911,3911,3911
2024-07-15T09:17:00Z,3912,3912,3912,3912
2024-07-15T09:20:00Z,3910,3910,3907,3907
2024-07-15T09:24:00Z,3911,3911,3911,3911
2024-07-15T09:28:00Z,3913,3915,3913,3915
2024-07-15T09:30:00Z,3910,3910,3910,3910
2024-07-15T09:34:00Z,3910,3910,3909,3909
2024-07-15T09:38:00Z,3912,3917,3912,3916
2024-07-15T09:44:00Z,3913,3917,3913,3917
2024-07-15T09:45:00Z,3918,3918,3918,3918
2024-07-15T09:47:00Z,3915,3915,3915,3915
2024-07-15T09:50:00Z,3913,3916,3913,3916
2024-07-15T09:51:00Z,3913,3914,3913,3914
2024-07-15T09:52:00Z,3914,3914,3914,3914
2024-07-15T09:53:00Z,3913,3914,3913,3914
2024-07-15T09:54:00Z,3913,3915,3913,3915
2024-07-15T09:55:00Z,3914,3914,3913,3913
2024-07-15T09:56:00Z,3914,3915,3914,3915
2024-07-15T09:57:00Z,3915,3916,3915,3916
2024-07-15T09:58:00Z,3917,3918,3917,3918
2024-07-15T09:59:00Z,3918,3924,3917,3922
2024-07-15T13:00:00Z,3911,3911,3911,3911
2024-07-15T13:03:00Z,3905,3911,3904,3910
2024-07-15T13:20:00Z,3916,3916,3916,3916
2024-07-15T13:30:00Z,3925,3925,3925,3925
2024-07-15T13:31:00Z,3924,3924,3923,3923
2024-07-15T13:55:00Z,3912,3912,3912,3912
2024-07-15T13:56:00Z,3912,3912,3912,3912
2024-07-15T13:57:00Z,3912,3912,3912,3912
2024-07-15T13:58:00Z,3912,3912,3912,3912
2024-07-15T14:10:00Z,3909,3909,3909,3909
2024-07-15T14:12:00Z,3908,3908,3908,3908
2024-07-15T14:15:00Z,3912,3912,3912,3912
2024-07-15T14:28:00Z,3916,3916,3916,3916
2024-07-15T14:30:00Z,3920,3920,3920,3920
2024-07-15T14:33:00Z,3924,3924,3924,3924
2024-07-15T14:55:00Z,3931,3931,3931,3931
2024-07-15T14:56:00Z,3934,3935,3934,3935
2024-07-15T14:57:00Z,3934,3934,3934,3934
2024-07-15T14:59:00Z,3933,3933,3933,3933
2024-07-15T15:01:00Z,3935,3935,3935,3935
2024-07-15T15:04:00Z,3939,3939,3939,3939
2024-07-15T15:05:00Z,3940,3940,3940,3940
2024-07-15T15:06:00Z,3940,3940,3940,3940
2024-07-15T15:07:00Z,3941,3941,3937,3937
2024-07-15T15:08:00Z,3941,3954,3941,3949
2024-07-15T15:10:00Z,3947,3947,3947,3947
2024-07-15T15:11:00Z,3943,3943,3941,3942
2024-07-15T15:13:00Z,3941,3941,3939,3939
2024-07-15T15:24:00Z,3934,3934,3932,3932
2024-07-16T02:30:00Z,3947,3952,3947,3952
2024-07-16T02:31:00Z,3948,3948,3948,3948
2024-07-16T02:32:00Z,3948,3948,3948,3948
2024-07-16T02:33:00Z,3953,3957,3953,3957
2024-07-16T02:34:00Z,3958,3969,3958,3965
2024-07-16T02:38:00Z,3951,3953,3951,3952
2024-07-16T02:39:00Z,3956,3956,3956,3956
2024-07-16T02:40:00Z,3960,3960,3960,3960
2024-07-16T02:41:00Z,3959,3962,3958,3962
2024-07-16T02:42:00Z,3962,3972,3962,3968
2024-07-16T02:43:00Z,3968,3968,3968,3968
2024-07-16T02:44:00Z,3965,3965,3962,3962
2024-07-16T02:45:00Z,3969,3969,3969,3969
2024-07-16T02:46:00Z,3970,3973,3970,3972
2024-07-16T02:47:00Z,3973,3978,3973,3977
2024-07-16T02:49:00Z,3979,3980,3978,3978
2024-07-16T02:50:00Z,3980,3983,3980,3981
2024-07-16T02:51:00Z,3990,3990,3987,3989
2024-07-16T02:52:00Z,3986,3989,3983,3983
2024-07-16T02:53:00Z,3982,3982,3979,3979
2024-07-16T02:54:00Z,3985,3985,3983,3983
2024-07-16T02:55:00Z,3984,3984,3984,3984
2024-07-16T02:57:00Z,3977,3977,3977,3977
2024-07-16T02:59:00Z,3972,3972,3970,3970
2024-07-16T03:08:00Z,3965,3965,3964,3964
2024-07-16T03:22:00Z,3964,3968,3962,3968
2024-07-16T03:23:00Z,3968,3970,3968,3970
2024-07-16T03:24:00Z,3966,3967,3966,3966
2024-07-16T03:27:00Z,3966,3966,3966,3966
2024-07-16T03:30:00Z,3960,3962,3960,3962
2024-07-16T03:31:00Z,3963,3963,3963,3963
2024-07-16T03:32:00Z,3963,3963,3963,3963
2024-07-16T03:34:00Z,3963,3963,3963,3963
2024-07-16T03:36:00Z,3961,3961,3961,3961
2024-07-16T03:44:00Z,3964,3965,3964,3965
2024-07-16T03:56:00Z,3963,3963,3962,3962
2024-07-16T03:57:00Z,3961,3961,3961,3961
2024-07-16T03:58:00Z,3960,3960,3960,3960
2024-07-16T04:06:00Z,3959,3959,3959,3959
2024-07-16T04:07:00Z,3957,3958,3957,3958
2024-07-16T04:14:00Z,3955,3956,3955,3956
2024-07-16T04:20:00Z,3960,3960,3960,3960
2024-07-16T04:22:00Z,3961,3962,3961,3962
2024-07-16T04:23:00Z,3962,3962,3962,3962
2024-07-16T06:30:00Z,3964,3964,3961,3961
2024-07-16T06:31:00Z,3962,3962,3962,3962
2024-07-16T06:33:00Z,3965,3965,3965,3965
2024-07-16T06:34:00Z,3969,3969,3969,3969
2024-07-16T06:37:00Z,3973,3973,3973,3973
2024-07-16T06:53:00Z,3970,3970,3970,3970
2024-07-16T06:54:00Z,3970,3971,3968,3968
2024-07-16T06:57:00Z,3966,3966,3965,3965
2024-07-16T06:58:00Z,3967,3967,3967,3967
2024-07-16T07:01:00Z,3967,3970,3967,3970
2024-07-16T07:07:00Z,3971,3972,3971,3972
2024-07-16T07:08:00Z,3973,3973,3973,3973
2024-07-16T07:09:00Z,3971,3971,3971,3971
2024-07-16T07:11:00Z,3970,3970,3970,3970
2024-07-16T07:13:00Z,3969,3969,3969,3969
2024-07-16T07:24:00Z,3974,3977,3974,3977
2024-07-16T07:27:00Z,3977,3977,3977,3977
2024-07-16T07:29:00Z,3975,3975,3975,3975
2024-07-16T07:34:00Z,3976,3976,3975,3975
2024-07-16T07:39:00Z,3970,3970,3968,3968
2024-07-16T07:57:00Z,3968,3968,3968,3968
2024-07-16T07:58:00Z,3967,3967,3967,3967
2024-07-16T08:08:00Z,3966,3966,3966,3966
2024-07-16T08:15:00Z,3966,3966,3966,3966
2024-07-16T08:16:00Z,3965,3965,3964,3964
2024-07-16T08:18:00Z,3965,3965,3965,3965
2024-07-16T08:26:00Z,3964,3964,3962,3962
2024-07-16T08:28:00Z,3961,3961,3961,3961
2024-07-16T08:29:00Z,3961,3961,3961,3961
2024-07-16T08:49:00Z,3964,3964,3964,3964
2024-07-16T09:12:00Z,3965,3965,3965,3965
2024-07-16T09:16:00Z,3965,3965,3965,3965
2024-07-16T09:21:00Z,3968,3968,3968,3968
2024-07-16T09:22:00Z,3969,3970,3969,3970
2024-07-16T09:50:00Z,3970,3971,3969,3969
2024-07-16T09:52:00Z,3969,3973,3969,3972
2024-07-16T09:59:00Z,3968,3968,3964,3964
2024-07-16T13:00:00Z,3952,3952,3951,3951
2024-07-16T13:09:00Z,3963,3963,3963,3963
2024-07-16T13:10:00Z,3962,3962,3962,3962
2024-07-16T13:11:00Z,3963,3963,3963,3963
2024-07-16T13:14:00Z,3965,3965,3965,3965
2024-07-16T13:17:00Z,3961,3961,3960,3960
2024-07-16T13:18:00Z,3961,3961,3961,3961
2024-07-16T13:22:00Z,3959,3959,3958,3958
2024-07-16T13:23:00Z,3957,3961,3957,3961
2024-07-16T13:26:00Z,3958,3958,3958,3958
2024-07-16T13:29:00Z,3958,3958,3958,3958
2024-07-16T13:30:00Z,3958,3958,3956,3956
2024-07-16T13:31:00Z,3955,3955,3955,3955
2024-07-16T13:33:00Z,3953,3953,3953,3953
2024-07-16T13:34:00Z,3953,3953,3953,3953
2024-07-16T13:36:00Z,3951,3953,3951,3953
2024-07-16T13:38:00Z,3955,3955,3955,3955
2024-07-16T13:39:00Z,3955,3955,3955,3955
2024-07-16T13:40:00Z,3955,3955,3955,3955
2024-07-16T13:41:00Z,3954,3954,3954,3954
2024-07-16T13:42:00Z,3955,3955,3953,3953
2024-07-16T13:45:00Z,3952,3952,3952,3952
2024-07-16T13:47:00Z,3959,3959,3959,3959
2024-07-16T14:41:00Z,3985,3985,3985,3985
2024-07-16T15:13:00Z,3990,3994,3990,3994
2024-07-16T15:20:00Z,3994,3994,3992,3992
2024-07-16T15:21:00Z,3991,3991,3990,3990
2024-07-16T15:24:00Z,3995,3995,3995,3995
2024-07-16T15:28:00Z,3995,3995,3995,3995
2024-07-17T02:30:00Z,4008,4024,4008,4024
2024-07-17T02:31:00Z,4022,4022,4022,4022
2024-07-17T02:32:00Z,4023,4025,4023,4024
2024-07-17T02:33:00Z,4024,4027,4021,4027
2024-07-17T02:34:00Z,4022,4022,4022,4022
2024-07-17T02:35:00Z,4025,4025,4025,4025
2024-07-17T02:36:00Z,4028,4028,4028,4028
2024-07-17T02:37:00Z,4027,4027,4027,4027
2024-07-17T02:38:00Z,4028,4029,4028,4029
2024-07-17T02:41:00Z,4012,4012,4012,4012
2024-07-17T02:44:00Z,4009,4009,4009,4009
2024-07-17T02:46:00Z,4004,4004,4002,4002
2024-07-17T02:47:00Z,4005,4005,4005,4005
2024-07-17T02:49:00Z,4010,4010,4010,4010
2024-07-17T02:50:00Z,4013,4013,4013,4013
2024-07-17T02:51:00Z,4014,4015,4014,4015
2024-07-17T02:58:00Z,4010,4010,4010,4010
2024-07-17T03:01:00Z,4006,4006,4006,4006
2024-07-17T03:02:00Z,4001,4001,4000,4000
2024-07-17T03:03:00Z,4001,4001,4001,4001
2024-07-17T03:07:00Z,3993,3993,3993,3993
2024-07-17T03:09:00Z,3992,3992,3992,3992
2024-07-17T03:15:00Z,3990,3990,3990,3990
2024-07-17T03:18:00Z,3990,3990,3990,3990
2024-07-17T03:19:00Z,3990,3990,3990,3990
2024-07-17T03:21:00Z,3992,3992,3992,3992
2024-07-17T03:24:00Z,3992,3992,3992,3992
2024-07-17T03:25:00Z,3987,3987,3987,3987
2024-07-17T03:30:00Z,3981,3981,3981,3981
2024-07-17T03:36:00Z,3977,3978,3977,3978
2024-07-17T03:43:00Z,3980,3980,3980,3980
2024-07-17T03:47:00Z,3979,3979,3979,3979
2024-07-17T03:49:00Z,3993,3993,3993,3993
2024-07-17T03:55:00Z,3991,3991,3991,3991
2024-07-17T03:59:00Z,3991,3991,3991,3991
2024-07-17T06:45:00Z,3980,3980,3980,3980
2024-07-17T06:46:00Z,3980,3980,3980,3980
2024-07-17T06:47:00Z,3978,3978,3978,3978
2024-07-17T06:48:00Z,3977,3977,3977,3977
2024-07-17T06:51:00Z,3978,3978,3978,3978
2024-07-17T06:55:00Z,3983,3984,3983,3984
2024-07-17T06:57:00Z,3985,3985,3985,3985
2024-07-17T07:21:00Z,3985,3985,3985,3985
2024-07-17T08:09:00Z,3977,3977,3977,3977
2024-07-17T08:32:00Z,3968,3968,3967,3967
2024-07-17T08:39:00Z,3966,3966,3964,3964
2024-07-17T08:40:00Z,3963,3963,3962,3962
2024-07-17T08:41:00Z,3964,3966,3964,3966
2024-07-17T08:43:00Z,3968,3969,3968,3969
2024-07-17T09:15:00Z,3974,3974,3974,3974
2024-07-17T09:25:00Z,3971,3971,3970,3971
2024-07-17T09:26:00Z,3970,3971,3970,3971
2024-07-17T09:28:00Z,3972,3972,3971,3971
2024-07-17T09:30:00Z,3972,3972,3972,3972
2024-07-17T09:53:00Z,3975,3975,3974,3974
2024-07-17T09:55:00Z,3975,3977,3975,3977
2024-07-17T09:56:00Z,3980,3981,3979,3979
2024-07-17T09:59:00Z,3977,3977,3977,3977
2024-07-17T13:00:00Z,4000,4000,3989,3992
2024-07-17T13:11:00Z,3990,3990,3989,3989
2024-07-17T13:28:00Z,4000,4000,4000,4000
2024-07-17T13:31:00Z,3995,3995,3995,3995
2024-07-17T13:32:00Z,3993,3993,3993,3993
2024-07-17T13:47:00Z,3999,3999,3999,3999
2024-07-17T14:02:00Z,3994,3994,3994,3994
2024-07-17T14:03:00Z,3990,3990,3990,3990
2024-07-17T14:06:00Z,3987,3988,3987,3987
2024-07-17T14:10:00Z,3986,3986,3986,3986
2024-07-17T14:19:00Z,3985,3985,3985,3985
2024-07-17T14:29:00Z,3990,3990,3990,3990
2024-07-17T14:57:00Z,3980,3980,3980,3980
2024-07-17T14:59:00Z,3976,3976,3975,3975
2024-07-17T15:03:00Z,3975,3975,3975,3975
2024-07-17T15:12:00Z,3970,3970,3969,3969
2024-07-17T15:27:00Z,3966,3966,3966,3966
2024-07-18T02:30:00Z,3952,3953,3952,3953
2024-07-18T02:33:00Z,3961,3966,3961,3966
2024-07-18T02:34:00Z,3964,3965,3964,3965
2024-07-18T02:43:00Z,3970,3970,3970,3970
2024-07-18T02:45:00Z,3978,3978,3978,3978
2024-07-18T02:46:00Z,3979,3979,3979,3979
2024-07-18T02:47:00Z,3975,3975,3975,3975
2024-07-18T02:50:00Z,3972,3972,3972,3972
2024-07-18T02:53:00Z,3971,3971,3971,3971
2024-07-18T02:54:00Z,3970,3970,3970,3970
2024-07-18T02:59:00Z,3973,3973,3973,3973
2024-07-18T03:05:00Z,3982,3982,3978,3978
2024-07-18T03:06:00Z,3979,3979,3979,3979
2024-07-18T03:10:00Z,3986,3988,3986,3988
2024-07-18T03:11:00Z,3986,3986,3986,3986
2024-07-18T03:18:00Z,3985,3986,3985,3986
2024-07-18T03:19:00Z,3985,3985,3985,3985
2024-07-18T03:20:00Z,3984,3984,3982,3982
2024-07-18T03:21:00Z,3983,3983,3983,3983
2024-07-18T03:22:00Z,3984,3984,3983,3984
2024-07-18T03:23:00Z,3984,3984,3983,3983
2024-07-18T03:24:00Z,3983,3984,3983,3984
2024-07-18T03:25:00Z,3984,3984,3982,3982
2024-07-18T03:26:00Z,3981,3981,3981,3981
2024-07-18T03:27:00Z,3982,3982,3982,3982
2024-07-18T03:28:00Z,3982,3982,3980,3980
2024-07-18T03:33:00Z,3984,3984,3983,3983
2024-07-18T03:34:00Z,3982,3982,3982,3982
2024-07-18T03:48:00Z,3982,3982,3982,3982
2024-07-18T03:56:00Z,3984,3984,3984,3984
2024-07-18T03:58:00Z,3986,3986,3986,3986
2024-07-18T04:06:00Z,3983,3984,3983,3984
2024-07-18T04:07:00Z,3983,3983,3982,3982
2024-07-18T04:09:00Z,3981,3981,3981,3981
2024-07-18T04:10:00Z,3977,3977,3977,3977
2024-07-18T04:11:00Z,3979,3979,3979,3979
2024-07-18T04:13:00Z,3980,3980,3980,3980
2024-07-18T04:15:00Z,3978,3978,3978,3978
2024-07-18T04:19:00Z,3979,3979,3979,3979
2024-07-18T04:22:00Z,3980,3980,3980,3980
2024-07-18T04:23:00Z,3979,3979,3979,3979
2024-07-18T04:25:00Z,3981,3981,3981,3981
2024-07-18T04:29:00Z,3979,3979,3978,3978
2024-07-18T06:30:00Z,3995,3997,3992,3993
2024-07-18T06:31:00Z,3992,3992,3992,3992
2024-07-18T06:32:00Z,4000,4000,4000,4000
2024-07-18T06:33:00Z,4000,4001,3997,3997
2024-07-18T06:34:00Z,4001,4004,4001,4004
2024-07-18T06:35:00Z,4007,4007,4006,4006
2024-07-18T06:37:00Z,4005,4005,4004,4004
2024-07-18T06:38:00Z,4001,4001,4000,4000
2024-07-18T06:39:00Z,4000,4000,3995,3995
2024-07-18T06:40:00Z,3992,3992,3992,3992
2024-07-18T06:43:00Z,4000,4000,3998,3998
2024-07-18T06:45:00Z,4000,4000,4000,4000
2024-07-18T06:47:00Z,3999,3999,3999,3999
2024-07-18T06:50:00Z,4000,4000,4000,4000
2024-07-18T06:52:00Z,3999,3999,3999,3999
2024-07-18T07:00:00Z,4000,4000,4000,4000
2024-07-18T07:01:00Z,4004,4004,4004,4004
2024-07-18T07:02:00Z,4001,4001,4001,4001
2024-07-18T07:08:00Z,4002,4002,4002,4002
2024-07-18T07:14:00Z,4003,4003,4003,4003
2024-07-18T07:18:00Z,3999,3999,3999,3999
2024-07-18T07:33:00Z,3993,3993,3993,3993
2024-07-18T07:40:00Z,3997,3997,3997,3997
2024-07-18T07:41:00Z,3998,3998,3998,3998
2024-07-18T07:42:00Z,3999,3999,3999,3999
2024-07-18T07:49:00Z,3998,3998,3998,3998
2024-07-18T07:55:00Z,3998,3998,3998,3998
2024-07-18T08:00:00Z,4000,4000,4000,4000
2024-07-18T08:08:00Z,3998,3998,3998,3998
2024-07-18T08:11:00Z,4001,4001,4001,4001
2024-07-18T08:49:00Z,3983,3983,3982,3982
2024-07-18T08:51:00Z,3982,3982,3982,3982
2024-07-18T08:54:00Z,3983,3983,3983,3983
2024-07-18T08:58:00Z,3983,3983,3983,3983
2024-07-18T09:01:00Z,3985,3985,3985,3985
2024-07-18T09:06:00Z,3984,3984,3984,3984
2024-07-18T09:12:00Z,3985,3985,3985,3985
2024-07-18T09:19:00Z,3982,3982,3982,3982
2024-07-18T09:43:00Z,3984,3984,3984,3984
2024-07-18T09:54:00Z,3985,3985,3985,3985
2024-07-18T09:55:00Z,3985,3985,3985,3985
2024-07-18T09:57:00Z,3986,3986,3986,3986
2024-07-18T09:58:00Z,3987,3987,3987,3987
2024-07-18T09:59:00Z,3983,3986,3983,3986
2024-07-18T13:04:00Z,3976,3977,3976,3977
2024-07-18T13:08:00Z,3972,3975,3972,3975
2024-07-18T13:09:00Z,3974,3975,3974,3975
2024-07-18T13:11:00Z,3978,3978,3978,3978
2024-07-18T13:14:00Z,3975,3975,3975,3975
2024-07-18T13:21:00Z,3977,3977,3977,3977
2024-07-18T13:24:00Z,3976,3976,3976,3976
2024-07-18T13:28:00Z,3976,3976,3976,3976
2024-07-18T13:30:00Z,3974,3974,3974,3974
2024-07-18T13:31:00Z,3974,3974,3973,3973
2024-07-18T13:32:00Z,3972,3972,3972,3972
2024-07-18T13:33:00Z,3971,3971,3971,3971
2024-07-18T13:34:00Z,3972,3974,3972,3974
2024-07-18T13:36:00Z,3970,3970,3969,3969
2024-07-18T13:37:00Z,3972,3972,3972,3972
2024-07-18T13:48:00Z,3981,3981,3981,3981
2024-07-18T13:50:00Z,3980,3980,3980,3980
2024-07-18T14:03:00Z,3970,3970,3969,3969
2024-07-18T14:04:00Z,3968,3968,3968,3968
2024-07-18T14:05:00Z,3971,3971,3971,3971
2024-07-18T14:23:00Z,3973,3973,3973,3973
2024-07-18T14:24:00Z,3972,3972,3972,3972
2024-07-18T14:25:00Z,3972,3972,3972,3972
2024-07-18T14:31:00Z,3976,3976,3976,3976
2024-07-18T14:35:00Z,3977,3977,3977,3977
2024-07-18T14:36:00Z,3977,3977,3977,3977
2024-07-18T14:40:00Z,3967,3967,3966,3966
2024-07-18T14:46:00Z,3970,3970,3970,3970
2024-07-18T14:47:00Z,3969,3969,3969,3969
2024-07-18T14:48:00Z,3969,3969,3969,3969
2024-07-18T14:49:00Z,3972,3972,3972,3972
2024-07-18T14:50:00Z,3973,3973,3973,3973
2024-07-18T14:52:00Z,3975,3975,3975,3975
2024-07-18T14:53:00Z,3976,3976,3976,3976
2024-07-18T14:56:00Z,3978,3980,3978,3980
2024-07-18T14:59:00Z,3978,3978,3978,3978
2024-07-18T15:06:00Z,3983,3983,3983,3983
2024-07-18T15:09:00Z,3981,3981,3980,3980
2024-07-18T15:14:00Z,3982,3982,3982,3982
2024-07-18T15:19:00Z,3980,3980,3980,3980
2024-07-18T15:29:00Z,3983,3983,3983,3983
2024-07-19T02:30:00Z,3986,3986,3986,3986
2024-07-19T02:31:00Z,3988,3988,3988,3988
2024-07-19T02:32:00Z,3986,3986,3983,3986
2024-07-19T02:33:00Z,3987,3987,3987,3987
2024-07-19T02:35:00Z,3983,3983,3983,3983
2024-07-19T03:02:00Z,3990,3990,3990,3990
2024-07-19T03:04:00Z,3990,3991,3990,3991
2024-07-19T03:08:00Z,3988,3988,3985,3985
2024-07-19T03:09:00Z,3987,3987,3987,3987
2024-07-19T03:11:00Z,3986,3986,3986,3986
2024-07-19T03:12:00Z,3987,3989,3986,3989
2024-07-19T03:13:00Z,3986,3988,3984,3986
2024-07-19T03:14:00Z,3983,3986,3981,3986
2024-07-19T03:15:00Z,3984,3985,3984,3985
2024-07-19T03:19:00Z,3988,3988,3988,3988
2024-07-19T03:22:00Z,3987,3987,3985,3985
2024-07-19T03:24:00Z,3988,3988,3988,3988
2024-07-19T03:26:00Z,3987,3987,3985,3985
2024-07-19T03:29:00Z,3983,3983,3983,3983
2024-07-19T03:30:00Z,3984,3984,3984,3984
2024-07-19T03:43:00Z,3985,3985,3985,3985
2024-07-19T04:09:00Z,3982,3982,3982,3982
2024-07-19T04:12:00Z,3982,3982,3982,3982
2024-07-19T04:14:00Z,3980,3980,3980,3980
2024-07-19T04:21:00Z,3983,3983,3983,3983
2024-07-19T04:23:00Z,3985,3985,3985,3985
2024-07-19T04:29:00Z,3986,3986,3986,3986
2024-07-19T06:32:00Z,3983,3983,3983,3983
2024-07-19T06:35:00Z,3985,3985,3985,3985
2024-07-19T06:37:00Z,3987,3987,3987,3987
2024-07-19T06:39:00Z,3987,3987,3987,3987
2024-07-19T06:40:00Z,3985,3985,3985,3985
2024-07-19T06:41:00Z,3984,3984,3984,3984
2024-07-19T06:42:00Z,3984,3985,3984,3985
2024-07-19T06:45:00Z,3984,3984,3984,3984
2024-07-19T06:47:00Z,3983,3983,3982,3982
2024-07-19T06:50:00Z,3984,3985,3980,3985
2024-07-19T06:51:00Z,3985,3985,3985,3985
2024-07-19T06:52:00Z,3982,3982,3982,3982
2024-07-19T06:53:00Z,3980,3980,3979,3979
2024-07-19T06:57:00Z,3986,3986,3986,3986
2024-07-19T06:59:00Z,3987,3987,3985,3985
2024-07-19T07:00:00Z,3985,3985,3983,3983
2024-07-19T07:01:00Z,3985,3985,3985,3985
2024-07-19T07:02:00Z,3986,3986,3986,3986
2024-07-19T07:07:00Z,3986,3986,3986,3986
2024-07-19T07:15:00Z,3988,3991,3988,3991
2024-07-19T07:16:00Z,3990,3990,3990,3990
2024-07-19T07:28:00Z,3988,3988,3988,3988
2024-07-19T07:57:00Z,3995,3995,3995,3995
2024-07-19T08:00:00Z,3995,3995,3995,3995
2024-07-19T08:01:00Z,4000,4000,3999,3999
2024-07-19T08:02:00Z,4001,4001,4001,4001
2024-07-19T08:03:00Z,4001,4002,4001,4002
2024-07-19T08:05:00Z,4007,4007,4004,4004
2024-07-19T08:25:00Z,4000,4000,4000,4000
2024-07-19T09:03:00Z,4010,4010,4010,4010
2024-07-19T09:05:00Z,4011,4011,4011,4011
2024-07-19T09:21:00Z,4007,4007,4007,4007
2024-07-19T09:30:00Z,4007,4007,4007,4007
2024-07-19T09:35:00Z,4006,4006,4005,4005
2024-07-19T09:36:00Z,4007,4007,4007,4007
2024-07-19T09:37:00Z,4008,4008,4008,4008
2024-07-19T09:40:00Z,4007,4007,4007,4007
2024-07-19T09:52:00Z,4013,4013,4013,4013
2024-07-19T09:53:00Z,4014,4017,4014,4017
2024-07-19T09:54:00Z,4013,4013,4013,4013
2024-07-19T09:58:00Z,4013,4013,4013,4013
2024-07-19T09:59:00Z,4013,4013,4010,4010
2024-07-22T02:42:00Z,4011,4011,4011,4011
2024-07-22T02:48:00Z,4014,4014,4014,4014
2024-07-22T02:57:00Z,4026,4026,4026,4026
2024-07-22T02:59:00Z,4025,4025,4025,4025
2024-07-22T03:00:00Z,4027,4029,4027,4029
2024-07-22T03:01:00Z,4025,4025,4025,4025
2024-07-22T03:03:00Z,4027,4031,4027,4031
2024-07-22T03:06:00Z,4025,4025,4020,4022
2024-07-22T03:14:00Z,4021,4021,4021,4021
2024-07-22T03:15:00Z,4019,4019,4019,4019
2024-07-22T03:22:00Z,4018,4018,4018,4018
2024-07-22T03:24:00Z,4017,4017,4017,4017
2024-07-22T03:30:00Z,4022,4024,4022,4024
2024-07-22T03:31:00Z,4024,4027,4024,4026
2024-07-22T03:33:00Z,4026,4026,4026,4026
2024-07-22T03:47:00Z,4030,4030,4029,4029
2024-07-22T03:58:00Z,4023,4023,4023,4023
2024-07-22T03:59:00Z,4022,4022,4022,4022
2024-07-22T04:12:00Z,4027,4027,4027,4027
2024-07-22T04:13:00Z,4026,4026,4026,4026
2024-07-22T04:25:00Z,4029,4029,4029,4029
2024-07-22T04:26:00Z,4030,4030,4030,4030
2024-07-22T04:27:00Z,4030,4030,4030,4030
2024-07-22T06:30:00Z,4028,4031,4028,4031
2024-07-22T06:31:00Z,4032,4035,4032,4035
2024-07-22T06:32:00Z,4032,4032,4032,4032
2024-07-22T06:35:00Z,4040,4040,4040,4040
2024-07-22T06:37:00Z,4038,4038,4038,4038
2024-07-22T06:39:00Z,4038,4038,4038,4038
2024-07-22T06:40:00Z,4040,4040,4040,4040
2024-07-22T06:41:00Z,4038,4038,4038,4038
2024-07-22T06:42:00Z,4037,4037,4037,4037
2024-07-22T06:47:00Z,4038,4038,4038,4038
2024-07-22T06:48:00Z,4038,4039,4038,4039
2024-07-22T06:49:00Z,4036,4037,4036,4037
2024-07-22T06:50:00Z,4037,4037,4035,4035
2024-07-22T06:51:00Z,4030,4030,4030,4030
2024-07-22T06:54:00Z,4036,4036,4036,4036
2024-07-22T06:55:00Z,4035,4035,4035,4035
2024-07-22T06:56:00Z,4035,4035,4030,4030
2024-07-22T06:57:00Z,4029,4034,4029,4034
2024-07-22T06:58:00Z,4035,4035,4035,4035
2024-07-22T07:04:00Z,4041,4041,4041,4041
2024-07-22T07:13:00Z,4040,4040,4040,4040
2024-07-22T07:14:00Z,4041,4041,4041,4041
2024-07-22T07:15:00Z,4040,4040,4039,4039
2024-07-22T07:20:00Z,4042,4042,4042,4042
2024-07-22T07:22:00Z,4042,4042,4041,4041
2024-07-22T07:23:00Z,4042,4042,4041,4041
2024-07-22T07:30:00Z,4041,4041,4041,4041
2024-07-22T07:32:00Z,4041,4041,4041,4041
2024-07-22T07:45:00Z,4040,4040,4040,4040
2024-07-22T07:49:00Z,4040,4040,4040,4040
2024-07-22T07:50:00Z,4039,4039,4039,4039
2024-07-22T07:51:00Z,4038,4038,4037,4037
2024-07-22T08:03:00Z,4042,4042,4042,4042
2024-07-22T08:06:00Z,4042,4042,4042,4042
2024-07-22T08:10:00Z,4042,4042,4042,4042
2024-07-22T08:11:00Z,4043,4043,4043,4043
2024-07-22T08:12:00Z,4043,4043,4043,4043
2024-07-22T08:16:00Z,4043,4043,4043,4043
2024-07-22T08:18:00Z,4042,4042,4042,4042
2024-07-22T08:26:00Z,4043,4043,4043,4043
2024-07-22T08:28:00Z,4044,4044,4044,4044
2024-07-22T08:31:00Z,4043,4044,4043,4044
2024-07-22T08:51:00Z,4045,4045,4045,4045
2024-07-22T08:52:00Z,4047,4048,4047,4048
2024-07-22T09:01:00Z,4043,4043,4043,4043
2024-07-22T09:02:00Z,4042,4042,4042,4042
2024-07-22T09:04:00Z,4039,4039,4039,4039
2024-07-22T09:05:00Z,4040,4040,4040,4040
2024-07-22T09:28:00Z,4040,4040,4040,4040
2024-07-22T09:29:00Z,4039,4039,4030,4030
2024-07-22T09:30:00Z,4033,4037,4030,4034
2024-07-22T09:31:00Z,4035,4043,4035,4042
2024-07-22T09:32:00Z,4038,4038,4038,4038
2024-07-22T09:36:00Z,4034,4034,4034,4034
2024-07-22T09:44:00Z,4040,4040,4040,4040
2024-07-22T09:45:00Z,4041,4041,4041,4041
2024-07-22T09:52:00Z,4037,4037,4037,4037
2024-07-22T09:56:00Z,4034,4034,4034,4034
2024-07-22T09:58:00Z,4034,4034,4034,4034
2024-07-22T09:59:00Z,4035,4035,4035,4035
2024-07-22T13:00:00Z,4030,4030,4030,4030
2024-07-22T13:02:00Z,4035,4035,4035,4035
2024-07-22T13:48:00Z,4043,4045,4043,4045
2024-07-22T14:01:00Z,4046,4046,4045,4045
2024-07-22T14:02:00Z,4046,4046,4046,4046
2024-07-22T14:10:00Z,4049,4049,4049,4049
2024-07-22T14:11:00Z,4050,4050,4050,4050
2024-07-22T14:12:00Z,4050,4050,4049,4049
2024-07-22T14:13:00Z,4049,4049,4049,4049
2024-07-22T14:14:00Z,4049,4049,4049,4049
2024-07-22T14:15:00Z,4049,4049,4049,4049
2024-07-22T14:16:00Z,4050,4050,4050,4050
2024-07-22T14:17:00Z,4050,4050,4050,4050
2024-07-22T14:20:00Z,4051,4051,4051,4051
2024-07-22T14:21:00Z,4052,4052,4049,4049
2024-07-22T15:04:00Z,4040,4040,4040,4040
2024-07-22T15:06:00Z,4039,4039,4039,4039
2024-07-22T15:08:00Z,4037,4037,4037,4037
2024-07-22T15:09:00Z,4037,4037,4036,4037
2024-07-22T15:10:00Z,4037,4037,4036,4037
2024-07-22T15:11:00Z,4036,4037,4026,4026
2024-07-22T15:12:00Z,4029,4029,4028,4028
2024-07-22T15:22:00Z,4032,4032,4032,4032
2024-07-23T02:30:00Z,4057,4057,4050,4053
2024-07-23T02:39:00Z,4050,4050,4050,4050
2024-07-23T02:52:00Z,4035,4035,4035,4035
2024-07-23T02:53:00Z,4032,4032,4032,4032
2024-07-23T03:12:00Z,4020,4020,4020,4020
2024-07-23T03:14:00Z,4023,4023,4022,4022
2024-07-23T03:16:00Z,4023,4023,4023,4023
2024-07-23T03:19:00Z,4020,4020,4020,4020
2024-07-23T03:20:00Z,4019,4019,4018,4018
2024-07-23T03:21:00Z,4019,4019,4019,4019
2024-07-23T03:23:00Z,4020,4020,4020,4020
2024-07-23T03:25:00Z,4025,4025,4025,4025
2024-07-23T03:48:00Z,4020,4020,4020,4020
2024-07-23T04:16:00Z,4023,4023,4023,4023
2024-07-23T04:17:00Z,4025,4025,4025,4025
2024-07-23T04:20:00Z,4030,4030,4030,4030
2024-07-23T06:30:00Z,4021,4021,4020,4020
2024-07-23T06:34:00Z,4013,4013,4013,4013
2024-07-23T06:35:00Z,4012,4012,4012,4012
2024-07-23T06:37:00Z,4015,4015,4015,4015
2024-07-23T06:41:00Z,4015,4015,4015,4015
2024-07-23T06:57:00Z,4012,4012,4012,4012
2024-07-23T06:58:00Z,4011,4011,4011,4011
2024-07-23T07:01:00Z,4009,4009,4009,4009
2024-07-23T07:02:00Z,4009,4009,4007,4007
2024-07-23T07:05:00Z,4006,4006,4006,4006
2024-07-23T07:12:00Z,4009,4010,4009,4010
2024-07-23T07:13:00Z,4010,4010,4010,4010
2024-07-23T07:25:00Z,4008,4008,4008,4008
2024-07-23T07:26:00Z,4007,4007,4007,4007
2024-07-23T07:27:00Z,4006,4006,4006,4006
2024-07-23T07:32:00Z,4005,4005,4005,4005
2024-07-23T07:39:00Z,4003,4003,4000,4000
2024-07-23T07:42:00Z,4001,4001,4001,4001
2024-07-23T07:43:00Z,4002,4005,4002,4005
2024-07-23T07:44:00Z,4006,4006,4006,4006
2024-07-23T07:56:00Z,4013,4013,4013,4013
2024-07-23T08:08:00Z,4015,4015,4015,4015
2024-07-23T08:11:00Z,4020,4020,4020,4020
2024-07-23T08:13:00Z,4018,4018,4018,4018
2024-07-23T08:34:00Z,4015,4015,4015,4015
2024-07-23T09:15:00Z,4016,4016,4016,4016
2024-07-23T09:23:00Z,4016,4016,4016,4016
2024-07-23T09:28:00Z,4012,4012,4012,4012
2024-07-23T09:33:00Z,4015,4015,4015,4015
2024-07-23T09:50:00Z,4015,4015,4015,4015
2024-07-23T09:51:00Z,4014,4015,4014,4015
2024-07-23T09:52:00Z,4015,4015,4015,4015
2024-07-23T09:54:00Z,4015,4015,4015,4015
2024-07-23T09:55:00Z,4015,4015,4015,4015
2024-07-23T09:56:00Z,4015,4016,4015,4016
2024-07-23T09:58:00Z,4018,4018,4018,4018
2024-07-23T09:59:00Z,4012,4012,4012,4012
2024-07-23T13:16:00Z,4021,4021,4021,4021
2024-07-23T13:25:00Z,4016,4016,4016,4016
2024-07-23T13:34:00Z,4031,4031,4031,4031
2024-07-23T13:38:00Z,4026,4026,4026,4026
2024-07-23T13:47:00Z,4024,4024,4024,4024
2024-07-23T13:49:00Z,4023,4023,4023,4023
2024-07-23T13:51:00Z,4025,4025,4025,4025
2024-07-23T14:04:00Z,4021,4021,4021,4021
2024-07-23T14:30:00Z,4035,4035,4035,4035
2024-07-23T14:32:00Z,4035,4038,4035,4038
2024-07-23T14:33:00Z,4038,4038,4038,4038
2024-07-23T14:36:00Z,4035,4035,4035,4035
2024-07-23T14:37:00Z,4038,4038,4036,4036
2024-07-23T14:38:00Z,4038,4038,4038,4038
2024-07-23T14:43:00Z,4036,4036,4036,4036
2024-07-23T14:44:00Z,4040,4040,4037,4037
2024-07-23T14:46:00Z,4034,4034,4034,4034
2024-07-23T14:47:00Z,4035,4035,4035,4035
2024-07-23T15:26:00Z,4024,4025,4024,4025
2024-07-24T02:31:00Z,4016,4017,4015,4015
2024-07-24T02:32:00Z,4016,4020,4015,4020
2024-07-24T02:35:00Z,4025,4025,4025,4025
2024-07-24T02:42:00Z,4020,4020,4020,4020
2024-07-24T02:43:00Z,4019,4019,4019,4019
2024-07-24T02:45:00Z,4017,4017,4017,4017
2024-07-24T02:46:00Z,4013,4013,4012,4013
2024-07-24T02:47:00Z,4017,4018,4015,4018
2024-07-24T02:50:00Z,4020,4020,4020,4020
2024-07-24T02:53:00Z,4012,4012,4012,4012
2024-07-24T02:54:00Z,4012,4012,4012,4012
2024-07-24T02:55:00Z,4010,4010,4010,4010
2024-07-24T02:58:00Z,4015,4015,4015,4015
2024-07-24T03:02:00Z,4014,4014,4014,4014
2024-07-24T03:05:00Z,4012,4012,4012,4012
2024-07-24T03:12:00Z,4003,4003,4003,4003
2024-07-24T03:13:00Z,4006,4006,4006,4006
2024-07-24T03:21:00Z,4006,4006,4006,4006
2024-07-24T03:39:00Z,4012,4012,4012,4012
2024-07-24T03:48:00Z,4009,4009,4009,4009
2024-07-24T04:01:00Z,4009,4009,4008,4008
2024-07-24T06:30:00Z,3990,3990,3969,3970
2024-07-24T06:31:00Z,3971,3975,3970,3973
2024-07-24T06:32:00Z,3970,3971,3970,3970
2024-07-24T06:33:00Z,3970,3970,3969,3969
2024-07-24T06:34:00Z,3970,3970,3968,3968
2024-07-24T06:35:00Z,3970,3970,3970,3970
2024-07-24T06:36:00Z,3971,3975,3970,3971
2024-07-24T06:37:00Z,3970,3970,3970,3970
2024-07-24T06:38:00Z,3971,3971,3971,3971
2024-07-24T06:41:00Z,3978,3978,3978,3978
2024-07-24T06:45:00Z,3975,3975,3975,3975
2024-07-24T06:49:00Z,3977,3978,3977,3978
2024-07-24T06:50:00Z,3974,3974,3974,3974
2024-07-24T06:51:00Z,3975,3975,3975,3975
2024-07-24T06:52:00Z,3975,3975,3975,3975
2024-07-24T06:53:00Z,3979,3979,3977,3977
2024-07-24T06:54:00Z,3975,3975,3975,3975
2024-07-24T06:55:00Z,3975,3977,3975,3977
2024-07-24T06:59:00Z,3970,3972,3970,3971
2024-07-24T07:09:00Z,3980,3980,3979,3979
2024-07-24T07:16:00Z,3988,3988,3987,3987
2024-07-24T07:19:00Z,3988,3988,3988,3988
2024-07-24T07:26:00Z,3988,3988,3988,3988
2024-07-24T07:27:00Z,3986,3986,3986,3986
2024-07-24T07:36:00Z,3982,3982,3982,3982
2024-07-24T08:01:00Z,3989,3989,3989,3989
2024-07-24T08:18:00Z,3987,3987,3987,3987
2024-07-24T08:22:00Z,3988,3988,3988,3988
2024-07-24T08:23:00Z,3988,3988,3988,3988
2024-07-24T08:25:00Z,3989,3989,3989,3989
2024-07-24T08:26:00Z,3989,3991,3989,3991
2024-07-24T08:29:00Z,3991,3991,3991,3991
2024-07-24T08:30:00Z,3991,3991,3991,3991
2024-07-24T08:49:00Z,3995,3995,3995,3995
2024-07-24T08:51:00Z,3994,3994,3994,3994
2024-07-24T08:53:00Z,3994,3994,3994,3994
2024-07-24T08:54:00Z,3994,3994,3994,3994
2024-07-24T08:56:00Z,3994,3994,3994,3994
2024-07-24T08:57:00Z,3995,3995,3994,3994
2024-07-24T08:58:00Z,3995,3995,3995,3995
2024-07-24T08:59:00Z,3995,3995,3995,3995
2024-07-24T09:01:00Z,3996,3996,3996,3996
2024-07-24T09:04:00Z,3995,3995,3995,3995
2024-07-24T09:05:00Z,3996,3996,3996,3996
2024-07-24T09:09:00Z,3994,3994,3994,3994
2024-07-24T09:20:00Z,3993,3993,3993,3993
2024-07-24T09:22:00Z,3994,3994,3994,3994
2024-07-24T09:27:00Z,3993,3993,3993,3993
2024-07-24T09:29:00Z,3995,4002,3995,3998
2024-07-24T09:42:00Z,4000,4000,4000,4000
2024-07-24T09:46:00Z,3996,3996,3996,3996
2024-07-24T09:50:00Z,3996,3996,3996,3996
2024-07-24T09:51:00Z,3994,3994,3994,3994
2024-07-24T09:54:00Z,3995,3995,3995,3995
2024-07-24T09:59:00Z,3992,3993,3992,3992
2024-07-24T13:00:00Z,3991,3991,3990,3990
2024-07-24T13:14:00Z,3988,3988,3986,3986
2024-07-24T13:15:00Z,3985,3985,3985,3985
2024-07-24T13:16:00Z,3991,3991,3991,3991
2024-07-24T13:19:00Z,3993,3993,3993,3993
2024-07-24T13:26:00Z,3992,3992,3992,3992
2024-07-24T13:30:00Z,3994,3994,3994,3994
2024-07-24T13:36:00Z,3990,3990,3990,3990
2024-07-24T13:37:00Z,3988,3988,3988,3988
2024-07-24T13:40:00Z,3991,3991,3966,3986
2024-07-24T13:45:00Z,3985,3985,3985,3985
2024-07-24T13:46:00Z,3983,3983,3983,3983
2024-07-24T13:52:00Z,3982,3982,3982,3982
2024-07-24T14:08:00Z,3971,3971,3971,3971
2024-07-24T14:11:00Z,3973,3973,3973,3973
2024-07-24T14:22:00Z,3980,3980,3980,3980
2024-07-24T14:24:00Z,3980,3980,3980,3980
2024-07-24T14:25:00Z,3981,3981,3980,3980
2024-07-25T02:30:00Z,3970,3971,3965,3971
2024-07-25T02:31:00Z,3974,3974,3969,3969
2024-07-25T02:32:00Z,3971,3971,3967,3967
2024-07-25T02:33:00Z,3966,3966,3965,3965
2024-07-25T02:34:00Z,3960,3960,3960,3960
2024-07-25T02:37:00Z,3959,3961,3959,3961
2024-07-25T02:38:00Z,3962,3962,3960,3962
2024-07-25T02:39:00Z,3961,3961,3961,3961
2024-07-25T02:40:00Z,3958,3958,3958,3958
2024-07-25T02:41:00Z,3955,3957,3955,3957
2024-07-25T02:42:00Z,3956,3956,3954,3954
2024-07-25T02:45:00Z,3963,3963,3961,3961
2024-07-25T02:46:00Z,3961,3961,3961,3961
2024-07-25T02:47:00Z,3962,3962,3960,3960
2024-07-25T02:48:00Z,3958,3958,3958,3958
2024-07-25T02:49:00Z,3961,3961,3961,3961
2024-07-25T02:51:00Z,3960,3960,3960,3960
2024-07-25T02:54:00Z,3973,3973,3973,3973
2024-07-25T03:00:00Z,3967,3967,3967,3967
2024-07-25T03:04:00Z,3973,3973,3973,3973
2024-07-25T03:05:00Z,3969,3969,3969,3969
2024-07-25T03:07:00Z,3969,3969,3969,3969
2024-07-25T03:08:00Z,3969,3969,3969,3969
2024-07-25T03:10:00Z,3970,3970,3970,3970
2024-07-25T03:13:00Z,3971,3971,3971,3971
2024-07-25T03:14:00Z,3971,3971,3971,3971
2024-07-25T03:16:00Z,3974,3977,3974,3977
2024-07-25T03:18:00Z,3978,3978,3978,3978
2024-07-25T03:19:00Z,3979,3979,3979,3979
2024-07-25T03:20:00Z,3978,3978,3978,3978
2024-07-25T03:21:00Z,3979,3983,3979,3983
2024-07-25T03:24:00Z,3989,3989,3989,3989
2024-07-25T03:25:00Z,3988,3988,3987,3987
2024-07-25T03:29:00Z,3994,3994,3992,3992
2024-07-25T03:36:00Z,3992,3992,3992,3992
2024-07-25T03:40:00Z,3992,3992,3992,3992
2024-07-25T03:43:00Z,3990,3990,3990,3990
2024-07-25T03:53:00Z,3990,3990,3990,3990
2024-07-25T04:03:00Z,3990,3990,3990,3990
2024-07-25T04:04:00Z,3990,3990,3990,3990
2024-07-25T04:18:00Z,3992,3992,3992,3992
2024-07-25T04:19:00Z,3991,3991,3991,3991
2024-07-25T04:21:00Z,3992,3992,3992,3992
2024-07-25T04:23:00Z,3991,3991,3991,3991
2024-07-25T06:30:00Z,4001,4001,4001,4001
2024-07-25T06:31:00Z,4005,4007,4005,4007
2024-07-25T06:32:00Z,4005,4006,4003,4003
2024-07-25T06:36:00Z,3997,3997,3997,3997
2024-07-25T06:41:00Z,4000,4000,4000,4000
2024-07-25T06:46:00Z,3998,3998,3998,3998
2024-07-25T06:47:00Z,3997,3997,3996,3996
2024-07-25T06:50:00Z,3996,3996,3996,3996
2024-07-25T06:51:00Z,3994,3995,3993,3995
2024-07-25T06:52:00Z,3997,3998,3997,3998
2024-07-25T06:54:00Z,3998,3998,3998,3998
2024-07-25T07:07:00Z,4002,4003,4002,4003
2024-07-25T07:12:00Z,3992,3992,3992,3992
2024-07-25T07:13:00Z,3995,3995,3995,3995
2024-07-25T07:16:00Z,3993,3993,3993,3993
2024-07-25T07:17:00Z,3994,3994,3994,3994
2024-07-25T07:45:00Z,4001,4003,4001,4003
2024-07-25T07:54:00Z,4001,4002,4001,4002
2024-07-25T07:55:00Z,4003,4003,4003,4003
2024-07-25T07:58:00Z,4006,4006,4006,4006
2024-07-25T07:59:00Z,4006,4006,4003,4003
2024-07-25T08:00:00Z,4003,4004,4003,4004
2024-07-25T08:01:00Z,4001,4001,4000,4001
2024-07-25T08:02:00Z,4001,4002,4001,4002
2024-07-25T08:03:00Z,4002,4004,4002,4004
2024-07-25T08:04:00Z,4004,4004,4004,4004
2024-07-25T08:05:00Z,4004,4004,4004,4004
2024-07-25T08:06:00Z,4001,4002,4001,4002
2024-07-25T08:07:00Z,4002,4002,4002,4002
2024-07-25T08:08:00Z,4003,4004,4003,4004
2024-07-25T08:09:00Z,4004,4005,4004,4005
2024-07-25T08:10:00Z,4005,4005,4005,4005
2024-07-25T08:13:00Z,4005,4005,4005,4005
2024-07-25T08:15:00Z,4003,4003,4003,4003
2024-07-25T08:16:00Z,4003,4003,4002,4002
2024-07-25T08:17:00Z,4002,4002,4002,4002
2024-07-25T08:20:00Z,3998,3998,3998,3998
2024-07-25T08:25:00Z,3998,3998,3998,3998
2024-07-25T08:26:00Z,3995,3995,3992,3992
2024-07-25T08:27:00Z,3993,3993,3993,3993
2024-07-25T08:32:00Z,3998,3998,3998,3998
2024-07-25T08:33:00Z,3998,3998,3998,3998
2024-07-25T08:34:00Z,3998,4002,3998,4002
2024-07-25T08:35:00Z,4002,4004,4002,4004
2024-07-25T08:36:00Z,4003,4003,4003,4003
2024-07-25T08:37:00Z,4003,4004,4003,4004
2024-07-25T08:38:00Z,4004,4004,4004,4004
2024-07-25T08:40:00Z,4004,4004,4004,4004
2024-07-25T08:41:00Z,4004,4004,4004,4004
2024-07-25T08:42:00Z,4004,4004,4004,4004
2024-07-25T08:43:00Z,4004,4004,4004,4004
2024-07-25T08:45:00Z,4007,4007,4007,4007
2024-07-25T08:46:00Z,4008,4008,4008,4008
2024-07-25T08:47:00Z,4008,4008,4008,4008
2024-07-25T08:48:00Z,4008,4008,4008,4008
2024-07-25T08:55:00Z,4009,4009,4008,4008
2024-07-25T08:56:00Z,4010,4010,4010,4010
2024-07-25T08:57:00Z,4010,4011,4010,4011
2024-07-25T08:58:00Z,4009,4010,4009,4010
2024-07-25T08:59:00Z,4010,4010,4010,4010
2024-07-25T09:01:00Z,4011,4011,4011,4011
2024-07-25T09:02:00Z,4012,4012,4012,4012
2024-07-25T09:03:00Z,4008,4008,4008,4008
2024-07-25T09:04:00Z,4007,4007,4007,4007
2024-07-25T09:11:00Z,4007,4007,4007,4007
2024-07-25T09:14:00Z,4007,4007,4007,4007
2024-07-25T09:17:00Z,4006,4006,4005,4005
2024-07-25T09:19:00Z,4004,4004,4004,4004
2024-07-25T09:20:00Z,4004,4004,4004,4004
2024-07-25T09:21:00Z,4004,4006,4004,4004
2024-07-25T09:22:00Z,4004,4006,4004,4006
2024-07-25T09:23:00Z,4006,4006,4005,4005
2024-07-25T09:27:00Z,4002,4002,4002,4002
2024-07-25T09:48:00Z,4003,4003,4003,4003
2024-07-25T09:50:00Z,4005,4005,4005,4005
2024-07-25T09:51:00Z,4006,4007,4006,4006
2024-07-25T09:58:00Z,4008,4009,4008,4009
2024-07-25T09:59:00Z,4009,4010,4004,4004
2024-07-25T13:00:00Z,4016,4016,4016,4016
2024-07-25T13:07:00Z,4010,4010,4010,4010
2024-07-25T13:08:00Z,4009,4009,4009,4009
2024-07-25T13:10:00Z,4008,4008,4008,4008
2024-07-25T13:12:00Z,4015,4015,4015,4015
2024-07-25T13:35:00Z,4008,4008,4008,4008
2024-07-25T13:36:00Z,4005,4005,4005,4005
2024-07-25T13:40:00Z,4004,4004,4003,4003
2024-07-25T13:42:00Z,4002,4002,4002,4002
2024-07-25T13:53:00Z,4007,4007,4007,4007
2024-07-25T13:55:00Z,4004,4004,4004,4004
2024-07-25T13:58:00Z,4003,4003,4003,4003
2024-07-25T14:00:00Z,4000,4000,4000,4000
2024-07-25T14:03:00Z,3997,3997,3997,3997
2024-07-25T14:30:00Z,4013,4013,4013,4013
2024-07-25T14:33:00Z,4014,4014,4014,4014
2024-07-25T14:34:00Z,4011,4011,4011,4011
2024-07-25T14:37:00Z,4014,4014,4014,4014
2024-07-25T14:38:00Z,4016,4016,4016,4016
2024-07-25T14:40:00Z,4017,4017,4017,4017
2024-07-25T14:41:00Z,4018,4020,4018,4020
2024-07-25T15:06:00Z,4026,4026,4025,4025
2024-07-25T15:10:00Z,4030,4030,4030,4030
2024-07-25T15:28:00Z,4031,4031,4031,4031
2024-07-25T15:29:00Z,4032,4032,4032,4032
2024-07-26T02:38:00Z,4033,4033,4033,4033
2024-07-26T02:39:00Z,4030,4030,4030,4030
2024-07-26T02:42:00Z,4030,4030,4030,4030
2024-07-26T02:49:00Z,4035,4035,4035,4035
2024-07-26T02:50:00Z,4036,4037,4036,4037
2024-07-26T02:51:00Z,4037,4039,4037,4039
2024-07-26T02:57:00Z,4035,4035,4035,4035
2024-07-26T02:58:00Z,4036,4039,4036,4039
2024-07-26T02:59:00Z,4039,4040,4039,4040
2024-07-26T03:01:00Z,4043,4045,4043,4045
2024-07-26T03:02:00Z,4045,4045,4045,4045
2024-07-26T03:06:00Z,4046,4046,4046,4046
2024-07-26T03:13:00Z,4044,4044,4044,4044
2024-07-26T03:14:00Z,4045,4046,4045,4046
2024-07-26T03:15:00Z,4046,4046,4045,4045
2024-07-26T03:17:00Z,4047,4047,4047,4047
2024-07-26T03:19:00Z,4048,4048,4048,4048
2024-07-26T03:20:00Z,4048,4048,4045,4045
2024-07-26T03:22:00Z,4047,4047,4047,4047
2024-07-26T03:27:00Z,4047,4053,4047,4051
2024-07-26T03:28:00Z,4055,4055,4055,4055
2024-07-26T03:29:00Z,4054,4055,4054,4054
2024-07-26T03:30:00Z,4055,4055,4053,4053
2024-07-26T03:31:00Z,4053,4053,4050,4050
2024-07-26T03:32:00Z,4049,4049,4048,4048
2024-07-26T03:33:00Z,4047,4047,4047,4047
2024-07-26T03:35:00Z,4046,4046,4046,4046
2024-07-26T03:36:00Z,4045,4045,4045,4045
2024-07-26T04:11:00Z,4047,4047,4047,4047
2024-07-26T04:21:00Z,4046,4046,4046,4046
2024-07-26T06:36:00Z,4050,4050,4050,4050
2024-07-26T06:38:00Z,4050,4050,4050,4050
2024-07-26T07:08:00Z,4048,4050,4048,4050
2024-07-26T07:21:00Z,4050,4050,4050,4050
2024-07-26T07:22:00Z,4051,4051,4051,4051
2024-07-26T07:57:00Z,4044,4044,4044,4044
2024-07-26T08:04:00Z,4047,4047,4047,4047
2024-07-26T08:12:00Z,4046,4046,4046,4046
2024-07-26T08:23:00Z,4049,4049,4049,4049
2024-07-26T08:41:00Z,4045,4045,4045,4045
2024-07-26T09:06:00Z,4044,4045,4044,4045
2024-07-26T09:07:00Z,4046,4046,4046,4046
2024-07-26T09:11:00Z,4044,4044,4044,4044
2024-07-26T09:12:00Z,4044,4044,4044,4044
2024-07-26T09:15:00Z,4044,4044,4044,4044
2024-07-26T09:17:00Z,4041,4041,4038,4038
2024-07-26T09:18:00Z,4038,4038,4037,4037
2024-07-26T09:21:00Z,4039,4039,4039,4039
2024-07-26T09:25:00Z,4042,4043,4042,4043
2024-07-26T09:36:00Z,4040,4040,4040,4040
2024-07-26T09:37:00Z,4040,4040,4040,4040
2024-07-26T09:40:00Z,4040,4040,4040,4040
2024-07-26T09:41:00Z,4040,4040,4040,4040
2024-07-26T09:43:00Z,4040,4040,4040,4040
2024-07-26T09:44:00Z,4042,4042,4041,4041
2024-07-26T09:45:00Z,4041,4041,4041,4041
2024-07-26T09:54:00Z,4040,4040,4040,4040
2024-07-26T09:55:00Z,4040,4040,4040,4040
2024-07-26T09:58:00Z,4037,4043,4037,4043
2024-07-26T09:59:00Z,4045,4046,4037,4037
2024-07-29T02:30:00Z,3968,3968,3968,3968
2024-07-29T02:31:00Z,3973,3976,3973,3976
2024-07-29T02:32:00Z,3985,3990,3985,3990
2024-07-29T02:34:00Z,4000,4000,3995,3995
2024-07-29T02:37:00Z,3993,3993,3993,3993
2024-07-29T02:39:00Z,3995,3995,3995,3995
2024-07-29T02:42:00Z,3994,3995,3994,3995
2024-07-29T02:43:00Z,4000,4000,3995,3995
2024-07-29T02:44:00Z,3996,3996,3995,3995
2024-07-29T02:45:00Z,3996,3996,3996,3996
2024-07-29T02:47:00Z,3997,4000,3997,4000
2024-07-29T02:51:00Z,4012,4012,4012,4012
2024-07-29T02:52:00Z,4010,4015,4010,4015
2024-07-29T02:53:00Z,4016,4017,4016,4017
2024-07-29T02:57:00Z,4015,4015,4015,4015
2024-07-29T02:59:00Z,4013,4013,4013,4013
2024-07-29T03:00:00Z,4014,4015,4014,4015
2024-07-29T03:02:00Z,4017,4017,4016,4016
2024-07-29T03:03:00Z,4014,4014,4014,4014
2024-07-29T03:10:00Z,4012,4012,4010,4010
2024-07-29T03:11:00Z,4010,4011,4010,4011
2024-07-29T03:12:00Z,4010,4010,4010,4010
2024-07-29T03:13:00Z,4010,4010,4010,4010
2024-07-29T03:20:00Z,4011,4011,4011,4011
2024-07-29T03:21:00Z,4012,4013,4012,4013
2024-07-29T03:22:00Z,4013,4013,4013,4013
2024-07-29T03:23:00Z,4014,4014,4014,4014
2024-07-29T03:24:00Z,4014,4014,4014,4014
2024-07-29T03:26:00Z,4015,4015,4015,4015
2024-07-29T03:27:00Z,4019,4020,4019,4020
2024-07-29T03:28:00Z,4020,4020,4020,4020
2024-07-29T03:41:00Z,4020,4020,4020,4020
2024-07-29T03:42:00Z,4020,4020,4020,4020
2024-07-29T03:45:00Z,4020,4020,4020,4020
2024-07-29T03:47:00Z,4021,4021,4021,4021
2024-07-29T03:50:00Z,4021,4021,4021,4021
2024-07-29T03:53:00Z,4022,4024,4022,4024
2024-07-29T04:05:00Z,4020,4020,4020,4020
2024-07-29T04:06:00Z,4020,4020,4020,4020
2024-07-29T06:30:00Z,4035,4035,4035,4035
2024-07-29T06:31:00Z,4044,4045,4044,4045
2024-07-29T06:32:00Z,4045,4045,4045,4045
2024-07-29T06:33:00Z,4050,4050,4050,4050
2024-07-29T06:35:00Z,4050,4050,4050,4050
2024-07-29T06:41:00Z,4051,4051,4051,4051
2024-07-29T06:49:00Z,4049,4049,4049,4049
2024-07-29T06:52:00Z,4045,4045,4045,4045
2024-07-29T06:53:00Z,4047,4047,4047,4047
2024-07-29T07:02:00Z,4047,4047,4046,4046
2024-07-29T07:03:00Z,4049,4049,4049,4049
2024-07-29T07:15:00Z,4038,4038,4038,4038
2024-07-29T07:16:00Z,4038,4038,4038,4038
2024-07-29T07:17:00Z,4038,4038,4038,4038
2024-07-29T07:18:00Z,4038,4038,4036,4036
2024-07-29T07:24:00Z,4036,4036,4036,4036
2024-07-29T07:26:00Z,4038,4038,4038,4038
2024-07-29T07:30:00Z,4038,4038,4038,4038
2024-07-29T07:32:00Z,4039,4039,4039,4039
2024-07-29T07:35:00Z,4048,4048,4048,4048
2024-07-29T07:37:00Z,4047,4047,4047,4047
2024-07-29T07:38:00Z,4047,4048,4047,4047
2024-07-29T07:39:00Z,4048,4048,4048,4048
2024-07-29T08:26:00Z,4035,4035,4035,4035
2024-07-29T08:28:00Z,4035,4035,4035,4035
2024-07-29T08:35:00Z,4035,4035,4035,4035
2024-07-29T08:43:00Z,4036,4036,4030,4030
2024-07-29T09:10:00Z,4030,4030,4030,4030
2024-07-29T09:12:00Z,4028,4028,4028,4028
2024-07-29T09:23:00Z,4028,4029,4027,4027
2024-07-29T09:26:00Z,4029,4030,4029,4030
2024-07-29T09:28:00Z,4030,4030,4030,4030
2024-07-29T09:29:00Z,4030,4030,4030,4030
2024-07-29T09:30:00Z,4030,4030,4030,4030
2024-07-29T09:36:00Z,4027,4027,4026,4026
2024-07-29T09:40:00Z,4021,4021,4021,4021
2024-07-29T09:41:00Z,4021,4022,4019,4022
2024-07-29T09:54:00Z,4022,4022,4020,4020
2024-07-29T09:56:00Z,4024,4024,4024,4024
2024-07-29T09:57:00Z,4024,4024,4023,4023
2024-07-29T09:58:00Z,4023,4023,4023,4023
2024-07-29T09:59:00Z,4020,4023,4020,4020
2024-07-29T13:06:00Z,4006,4006,4006,4006
2024-07-29T13:11:00Z,4002,4002,4002,4002
2024-07-29T13:12:00Z,4000,4000,3999,3999
2024-07-29T13:13:00Z,4001,4003,4001,4003
2024-07-29T13:16:00Z,4000,4007,4000,4007
2024-07-29T13:18:00Z,4009,4009,4009,4009
2024-07-29T13:19:00Z,4008,4008,4005,4005
2024-07-29T13:21:00Z,4004,4005,4004,4005
2024-07-29T13:23:00Z,4007,4007,4007,4007
2024-07-29T13:25:00Z,4010,4012,4010,4012
2024-07-29T13:26:00Z,4014,4014,4014,4014
2024-07-29T13:28:00Z,4018,4018,4018,4018
2024-07-29T13:31:00Z,4015,4015,4015,4015
2024-07-29T13:32:00Z,4013,4013,4013,4013
2024-07-29T13:34:00Z,4010,4010,4009,4009
2024-07-29T13:51:00Z,4005,4005,4005,4005
2024-07-29T14:16:00Z,3999,3999,3999,3999
2024-07-29T14:20:00Z,4003,4003,4003,4003
2024-07-29T14:25:00Z,4005,4006,4005,4006
2024-07-29T14:28:00Z,4002,4004,4002,4003
2024-07-29T14:29:00Z,4003,4003,4003,4003
2024-07-29T14:43:00Z,4005,4005,4005,4005
2024-07-29T14:48:00Z,4004,4004,4003,4003
2024-07-29T14:50:00Z,4002,4002,4002,4002
2024-07-29T14:51:00Z,4004,4004,4004,4004
2024-07-29T14:52:00Z,4003,4004,4003,4003
2024-07-29T14:53:00Z,4004,4004,4004,4004
2024-07-29T14:55:00Z,4006,4006,4006,4006
2024-07-29T14:56:00Z,4007,4007,4007,4007
2024-07-29T14:58:00Z,4013,4023,4012,4023
2024-07-30T02:32:00Z,4036,4036,4036,4036
2024-07-30T02:36:00Z,4050,4050,4047,4050
2024-07-30T02:41:00Z,4053,4054,4053,4054
2024-07-30T02:45:00Z,4051,4055,4050,4055
2024-07-30T02:46:00Z,4055,4055,4055,4055
2024-07-30T02:53:00Z,4050,4050,4050,4050
2024-07-30T02:58:00Z,4055,4060,4055,4060
2024-07-30T03:02:00Z,4062,4062,4062,4062
2024-07-30T03:03:00Z,4062,4062,4062,4062
2024-07-30T03:04:00Z,4062,4062,4062,4062
2024-07-30T03:06:00Z,4065,4065,4065,4065
2024-07-30T03:29:00Z,4055,4055,4055,4055
2024-07-30T03:31:00Z,4055,4055,4055,4055
2024-07-30T03:32:00Z,4056,4056,4056,4056
2024-07-30T03:33:00Z,4056,4056,4056,4056
2024-07-30T03:34:00Z,4050,4050,4050,4050
2024-07-30T03:37:00Z,4052,4052,4052,4052
2024-07-30T03:48:00Z,4045,4045,4036,4036
2024-07-30T03:52:00Z,4045,4045,4045,4045
2024-07-30T03:57:00Z,4045,4045,4045,4045
2024-07-30T06:30:00Z,4032,4032,4030,4030
2024-07-30T06:31:00Z,4028,4028,4028,4028
2024-07-30T06:32:00Z,4031,4036,4031,4036
2024-07-30T06:33:00Z,4028,4028,4028,4028
2024-07-30T06:34:00Z,4028,4028,4028,4028
2024-07-30T06:35:00Z,4028,4028,4026,4026
2024-07-30T06:36:00Z,4026,4026,4021,4021
2024-07-30T06:55:00Z,4015,4015,4015,4015
2024-07-30T07:05:00Z,4015,4015,4015,4015
2024-07-30T07:21:00Z,4020,4020,4020,4020
2024-07-30T07:22:00Z,4021,4022,4021,4022
2024-07-30T07:23:00Z,4022,4022,4022,4022
2024-07-30T07:25:00Z,4022,4022,4022,4022
2024-07-30T07:26:00Z,4023,4023,4023,4023
2024-07-30T07:28:00Z,4023,4024,4023,4024
2024-07-30T07:32:00Z,4024,4025,4024,4025
2024-07-30T07:54:00Z,4040,4040,4040,4040
2024-07-30T07:58:00Z,4029,4029,4029,4029
2024-07-30T07:59:00Z,4026,4026,4026,4026
2024-07-30T08:26:00Z,4035,4035,4035,4035
2024-07-30T08:30:00Z,4040,4040,4040,4040
2024-07-30T08:33:00Z,4040,4043,4040,4043
2024-07-30T08:34:00Z,4044,4045,4044,4045
2024-07-30T08:37:00Z,4048,4048,4048,4048
2024-07-30T08:40:00Z,4050,4050,4049,4049
2024-07-30T08:41:00Z,4049,4049,4049,4049
2024-07-30T08:43:00Z,4048,4048,4048,4048
2024-07-30T08:44:00Z,4050,4050,4050,4050
2024-07-30T08:45:00Z,4050,4050,4050,4050
2024-07-30T08:46:00Z,4050,4050,4050,4050
2024-07-30T08:47:00Z,4050,4050,4049,4049
2024-07-30T08:48:00Z,4050,4050,4050,4050
2024-07-30T08:49:00Z,4049,4050,4049,4050
2024-07-30T08:50:00Z,4050,4050,4050,4050
2024-07-30T08:51:00Z,4050,4050,4050,4050
2024-07-30T08:52:00Z,4050,4050,4050,4050
2024-07-30T08:53:00Z,4050,4050,4050,4050
2024-07-30T08:54:00Z,4050,4050,4050,4050
2024-07-30T08:55:00Z,4050,4050,4049,4049
2024-07-30T08:56:00Z,4050,4050,4050,4050
2024-07-30T08:57:00Z,4050,4050,4048,4048
2024-07-30T08:58:00Z,4050,4050,4050,4050
2024-07-30T08:59:00Z,4050,4050,4047,4047
2024-07-30T09:01:00Z,4048,4048,4046,4046
2024-07-30T09:02:00Z,4030,4030,4030,4030
2024-07-30T09:04:00Z,4046,4046,4041,4041
2024-07-30T09:05:00Z,4031,4031,4025,4025
2024-07-30T09:06:00Z,4040,4040,4040,4040
2024-07-30T09:07:00Z,4040,4040,4033,4033
2024-07-30T09:08:00Z,4038,4038,4034,4034
2024-07-30T09:10:00Z,4036,4038,4036,4038
2024-07-30T09:15:00Z,4040,4040,4040,4040
2024-07-30T09:16:00Z,4043,4043,4043,4043
2024-07-30T09:17:00Z,4044,4044,4044,4044
2024-07-30T09:19:00Z,4042,4043,4042,4042
2024-07-30T09:22:00Z,4042,4042,4042,4042
2024-07-30T09:28:00Z,4043,4043,4043,4043
2024-07-30T09:31:00Z,4044,4044,4044,4044
2024-07-30T09:33:00Z,4047,4047,4046,4046
2024-07-30T09:36:00Z,4049,4050,4049,4049
2024-07-30T09:37:00Z,4048,4048,4048,4048
2024-07-30T09:38:00Z,4049,4049,4047,4047
2024-07-30T09:40:00Z,4047,4047,4043,4043
2024-07-30T09:41:00Z,4042,4042,4039,4039
2024-07-30T09:42:00Z,4041,4041,4036,4036
2024-07-30T09:43:00Z,4040,4040,4035,4035
2024-07-30T09:46:00Z,4042,4042,4041,4041
2024-07-30T09:47:00Z,4040,4040,4040,4040
2024-07-30T09:48:00Z,4040,4040,4040,4040
2024-07-30T09:54:00Z,4042,4044,4041,4044
2024-07-30T09:55:00Z,4045,4045,4045,4045
2024-07-30T09:59:00Z,4040,4040,4040,4040
2024-07-30T13:12:00Z,4040,4040,4040,4040
2024-07-30T13:37:00Z,4020,4020,4020,4020
2024-07-30T13:38:00Z,4020,4020,4020,4020
2024-07-30T14:00:00Z,4015,4015,4015,4015
2024-07-30T14:02:00Z,4015,4015,4015,4015
2024-07-31T02:36:00Z,4027,4030,4027,4030
2024-07-31T02:37:00Z,4030,4030,4030,4030
2024-07-31T02:39:00Z,4030,4030,4030,4030
2024-07-31T02:41:00Z,4035,4035,4035,4035
2024-07-31T02:44:00Z,4039,4039,4039,4039
2024-07-31T02:45:00Z,4040,4040,4040,4040
2024-07-31T02:46:00Z,4040,4040,4040,4040
2024-07-31T02:48:00Z,4040,4040,4040,4040
2024-07-31T02:51:00Z,4040,4040,4035,4035
2024-07-31T03:03:00Z,4035,4035,4033,4033
2024-07-31T03:09:00Z,4030,4030,4030,4030
2024-07-31T03:10:00Z,4028,4028,4025,4025
2024-07-31T03:19:00Z,4025,4025,4025,4025
2024-07-31T03:32:00Z,4030,4030,4030,4030
2024-07-31T03:38:00Z,4025,4025,4020,4020
2024-07-31T03:39:00Z,4024,4024,4010,4010
2024-07-31T03:40:00Z,4010,4010,4000,4000
2024-07-31T03:41:00Z,3998,3998,3992,3992
2024-07-31T03:44:00Z,4014,4022,4014,4022
2024-07-31T03:48:00Z,4015,4015,4015,4015
2024-07-31T03:49:00Z,4012,4014,4012,4014
2024-07-31T03:56:00Z,4014,4014,4010,4010
2024-07-31T04:01:00Z,4010,4010,4010,4010
2024-07-31T04:25:00Z,4017,4019,4017,4019
2024-07-31T04:27:00Z,4019,4020,4019,4020
2024-07-31T06:31:00Z,4000,4000,4000,4000
2024-07-31T06:33:00Z,4010,4010,4010,4010
2024-07-31T06:36:00Z,4010,4010,4010,4010
2024-07-31T06:39:00Z,4010,4010,4010,4010
2024-07-31T06:59:00Z,4007,4007,4007,4007
2024-07-31T07:00:00Z,4009,4010,4009,4010
2024-07-31T07:01:00Z,4009,4009,4009,4009
2024-07-31T07:02:00Z,4006,4006,4006,4006
2024-07-31T07:04:00Z,4004,4004,4004,4004
2024-07-31T07:06:00Z,4006,4006,4006,4006
2024-07-31T07:08:00Z,4008,4008,4008,4008
2024-07-31T07:11:00Z,4008,4008,4008,4008
2024-07-31T07:12:00Z,4009,4009,4009,4009
2024-07-31T07:49:00Z,4010,4010,4010,4010
2024-07-31T07:56:00Z,4010,4010,4010,4010
2024-07-31T07:57:00Z,4009,4009,4009,4009
2024-07-31T07:59:00Z,4005,4005,4005,4005
2024-07-31T08:00:00Z,4005,4005,4005,4005
2024-07-31T08:03:00Z,4007,4007,4007,4007
2024-07-31T08:06:00Z,4007,4007,4007,4007
2024-07-31T08:07:00Z,4005,4006,4005,4006
2024-07-31T08:08:00Z,4006,4006,4006,4006
2024-07-31T08:09:00Z,4006,4006,4006,4006
2024-07-31T08:12:00Z,4006,4006,4006,4006
2024-07-31T08:13:00Z,4007,4007,4007,4007
2024-07-31T08:24:00Z,4005,4005,4005,4005
2024-07-31T08:48:00Z,4005,4005,4005,4005
2024-07-31T08:49:00Z,4005,4005,4005,4005
2024-07-31T08:50:00Z,4005,4005,4005,4005
2024-07-31T09:22:00Z,4005,4005,4005,4005
2024-07-31T09:23:00Z,4001,4001,4001,4001
2024-07-31T09:39:00Z,4007,4015,4007,4015
2024-07-31T09:50:00Z,4019,4020,4019,4020
2024-07-31T09:51:00Z,4025,4026,4025,4026
2024-07-31T09:52:00Z,4029,4029,4029,4029
2024-07-31T09:53:00Z,4029,4029,4029,4029
2024-07-31T09:59:00Z,4028,4028,4025,4025
2024-08-01T02:31:00Z,3990,3990,3990,3990
2024-08-01T02:35:00Z,4001,4010,4001,4010
2024-08-01T03:04:00Z,3982,3982,3982,3982
2024-08-01T03:05:00Z,3983,3983,3982,3982
2024-08-01T03:08:00Z,3982,3982,3980,3980
2024-08-01T03:10:00Z,3978,3978,3978,3978
2024-08-01T03:13:00Z,3976,3976,3976,3976
2024-08-01T03:14:00Z,3972,3972,3971,3971
2024-08-01T03:15:00Z,3970,3972,3970,3972
2024-08-01T07:15:00Z,3992,3992,3992,3992
2024-08-01T07:18:00Z,3996,3996,3996,3996
2024-08-01T07:19:00Z,3995,3995,3995,3995
2024-08-01T07:22:00Z,3993,3993,3993,3993
2024-08-01T07:23:00Z,3993,3993,3993,3993
2024-08-01T07:24:00Z,3993,3993,3993,3993
2024-08-01T07:35:00Z,3995,3995,3995,3995
2024-08-01T07:40:00Z,3993,3993,3993,3993
2024-08-01T07:45:00Z,3995,3995,3994,3994
2024-08-01T07:46:00Z,3996,3996,3996,3996
2024-08-01T08:37:00Z,3995,3995,3995,3995
2024-08-01T08:38:00Z,3996,3997,3996,3997
2024-08-01T08:39:00Z,3998,3998,3998,3998
2024-08-01T08:57:00Z,3998,3998,3998,3998
2024-08-01T09:00:00Z,3997,3997,3997,3997
2024-08-01T09:02:00Z,3996,3996,3996,3996
2024-08-01T09:04:00Z,3997,3999,3997,3999
2024-08-01T09:05:00Z,3999,3999,3999,3999
2024-08-01T09:06:00Z,3999,3999,3999,3999
2024-08-01T09:09:00Z,3997,3997,3997,3997
2024-08-01T09:10:00Z,3999,3999,3999,3999
2024-08-01T09:11:00Z,4000,4000,4000,4000
2024-08-01T09:12:00Z,4000,4000,4000,4000
2024-08-01T09:14:00Z,4000,4000,4000,4000
2024-08-01T09:16:00Z,4000,4001,4000,4001
2024-08-01T09:17:00Z,4001,4001,4001,4001
2024-08-01T09:18:00Z,4001,4001,4001,4001
2024-08-01T09:19:00Z,4001,4001,4001,4001
2024-08-01T09:20:00Z,4001,4001,4001,4001
2024-08-01T09:21:00Z,4000,4000,4000,4000
2024-08-01T09:22:00Z,4002,4003,4002,4002
2024-08-01T09:23:00Z,4004,4004,4004,4004
2024-08-01T09:24:00Z,4004,4004,4004,4004
2024-08-01T09:25:00Z,4003,4003,4003,4003
2024-08-01T09:32:00Z,4004,4006,4004,4006
2024-08-01T09:33:00Z,4007,4007,4007,4007
2024-08-01T09:49:00Z,4000,4000,4000,4000
2024-08-01T09:53:00Z,3995,3995,3995,3995
2024-08-01T09:54:00Z,3995,3995,3995,3995
2024-08-01T09:56:00Z,3995,3995,3995,3995
2024-08-01T09:59:00Z,3988,3988,3987,3987
2024-08-02T02:32:00Z,3992,3992,3992,3992
2024-08-02T02:43:00Z,4000,4000,4000,4000
2024-08-02T02:56:00Z,3999,3999,3999,3999
2024-08-02T03:00:00Z,4010,4010,4010,4010
2024-08-02T03:23:00Z,4010,4011,4010,4011
2024-08-02T03:52:00Z,4010,4010,4010,4010
2024-08-02T04:06:00Z,4007,4009,4007,4009
2024-08-02T04:07:00Z,4009,4015,4009,4015
2024-08-02T04:08:00Z,4015,4018,4015,4018
2024-08-02T04:09:00Z,4019,4020,4019,4020
2024-08-02T04:29:00Z,4020,4020,4020,4020
2024-08-02T06:30:00Z,4040,4040,4040,4040
2024-08-02T06:31:00Z,4040,4040,4040,4040
2024-08-02T06:52:00Z,4008,4008,4008,4008
2024-08-02T07:06:00Z,4015,4015,4015,4015
2024-08-02T07:22:00Z,4015,4015,4015,4015
2024-08-02T07:26:00Z,4015,4015,4015,4015
2024-08-02T07:28:00Z,4017,4017,4017,4017
2024-08-02T07:33:00Z,4015,4015,4015,4015
2024-08-02T07:51:00Z,4012,4012,4012,4012
2024-08-02T08:14:00Z,4008,4008,4008,4008
2024-08-02T08:15:00Z,4008,4008,4008,4008
2024-08-02T08:18:00Z,4008,4008,4008,4008
2024-08-02T08:20:00Z,4008,4008,4008,4008
2024-08-02T08:23:00Z,4008,4008,4008,4008
2024-08-02T08:39:00Z,4008,4008,4008,4008
2024-08-02T09:43:00Z,4013,4013,4013,4013
2024-08-02T09:50:00Z,4017,4017,4017,4017
2024-08-02T09:51:00Z,4020,4020,4020,4020
2024-08-02T09:52:00Z,4021,4021,4021,4021
2024-08-02T09:53:00Z,4021,4021,4021,4021
2024-08-02T09:59:00Z,4020,4023,4020,4021
2024-08-05T02:31:00Z,3966,3966,3966,3966
2024-08-05T02:35:00Z,3983,3989,3983,3989
2024-08-05T02:40:00Z,3968,3968,3968,3968
2024-08-05T03:06:00Z,4000,4000,4000,4000
2024-08-05T03:07:00Z,4000,4000,4000,4000
2024-08-05T03:09:00Z,4000,4000,4000,4000
2024-08-05T03:14:00Z,4001,4001,4001,4001
2024-08-05T03:19:00Z,4002,4002,4002,4002
2024-08-05T03:24:00Z,4002,4002,4002,4002
2024-08-05T03:27:00Z,4002,4003,4002,4003
2024-08-05T04:27:00Z,3976,3976,3976,3976
2024-08-05T07:55:00Z,3960,3960,3960,3960
2024-08-05T07:56:00Z,3960,3960,3960,3960
2024-08-05T07:57:00Z,3960,3960,3960,3960
2024-08-05T07:58:00Z,3960,3960,3960,3960
2024-08-05T08:20:00Z,3960,3960,3960,3960
2024-08-05T08:25:00Z,3950,3950,3950,3950
2024-08-05T08:29:00Z,3950,3950,3950,3950
2024-08-05T08:32:00Z,3961,3961,3950,3950
2024-08-05T08:35:00Z,3950,3950,3950,3950
2024-08-05T08:36:00Z,3950,3950,3950,3950
2024-08-05T08:45:00Z,3950,3950,3950,3950
2024-08-05T08:46:00Z,3950,3950,3950,3950
2024-08-05T08:53:00Z,3935,3935,3935,3935
2024-08-05T09:01:00Z,3935,3935,3935,3935
2024-08-05T09:04:00Z,3931,3931,3931,3931
2024-08-05T09:11:00Z,3931,3931,3931,3931
2024-08-05T09:12:00Z,3931,3931,3931,3931
2024-08-05T09:14:00Z,3931,3931,3931,3931
2024-08-05T09:15:00Z,3931,3931,3931,3931
2024-08-05T09:21:00Z,3931,3931,3931,3931
2024-08-05T09:22:00Z,3931,3931,3931,3931
2024-08-05T09:23:00Z,3931,3931,3931,3931
2024-08-05T09:26:00Z,3930,3930,3930,3930
2024-08-05T09:57:00Z,3930,3930,3930,3930
2024-08-05T09:59:00Z,3930,3930,3930,3930
2024-08-06T02:44:00Z,3910,3910,3910,3910
2024-08-06T02:54:00Z,3907,3907,3907,3907
2024-08-06T02:56:00Z,3907,3907,3907,3907
2024-08-06T03:10:00Z,3860,3860,3860,3860
2024-08-06T03:49:00Z,3895,3896,3895,3896
2024-08-06T03:52:00Z,3889,3889,3889,3889
2024-08-06T07:04:00Z,3899,3900,3899,3900
2024-08-06T07:05:00Z,3896,3896,3896,3896
2024-08-06T09:17:00Z,3860,3860,3860,3860
2024-08-06T09:30:00Z,3860,3860,3860,3860
2024-08-06T09:35:00Z,3860,3860,3860,3860
2024-08-06T09:37:00Z,3860,3860,3860,3860
2024-08-06T09:41:00Z,3860,3860,3860,3860
2024-08-06T09:59:00Z,3834,3834,3824,3824
2024-08-07T02:37:00Z,3869,3869,3869,3869
2024-08-07T03:41:00Z,3870,3870,3870,3870
2024-08-07T04:14:00Z,3845,3845,3845,3845
2024-08-07T07:23:00Z,3840,3840,3840,3840
2024-08-07T07:57:00Z,3840,3840,3840,3840
2024-08-07T08:37:00Z,3825,3825,3812,3812
2024-08-07T09:31:00Z,3743,3743,3743,3743
2024-08-07T09:32:00Z,3743,3750,3743,3750
2024-08-07T09:33:00Z,3752,3752,3752,3752
2024-08-07T09:34:00Z,3752,3800,3752,3800
2024-08-07T09:40:00Z,3755,3755,3755,3755
2024-08-07T09:59:00Z,3800,3800,3800,3800
2024-08-08T06:34:00Z,3810,3810,3810,3810
2024-08-08T07:37:00Z,3800,3800,3800,3800
2024-08-08T07:38:00Z,3771,3771,3771,3771
2024-08-08T09:20:00Z,3810,3811,3806,3810
2024-08-08T09:21:00Z,3810,3810,3806,3806
2024-08-08T09:22:00Z,3806,3810,3806,3810
2024-08-08T09:23:00Z,3805,3805,3805,3805
2024-08-08T09:25:00Z,3800,3800,3800,3800
2024-08-08T09:26:00Z,3770,3770,3770,3770
2024-08-08T09:28:00Z,3800,3800,3770,3770
2024-08-08T09:30:00Z,3800,3800,3780,3780
2024-08-08T09:31:00Z,3780,3800,3780,3781
2024-08-08T09:32:00Z,3780,3780,3780,3780
2024-08-08T09:34:00Z,3780,3780,3780,3780
2024-08-08T09:35:00Z,3780,3780,3780,3780
2024-08-08T09:36:00Z,3781,3781,3781,3781
2024-08-08T09:48:00Z,3775,3775,3775,3775
2024-08-08T09:50:00Z,3775,3775,3775,3775
2024-08-08T09:51:00Z,3775,3775,3775,3775
2024-08-08T09:52:00Z,3775,3775,3775,3775
2024-08-08T09:53:00Z,3776,3776,3776,3776
2024-08-08T09:54:00Z,3776,3776,3776,3776
2024-08-08T09:55:00Z,3776,3777,3776,3777
2024-08-08T09:56:00Z,3777,3784,3777,3784
2024-08-08T09:57:00Z,3785,3785,3785,3785
2024-08-08T09:58:00Z,3785,3785,3785,3785
2024-08-09T03:42:00Z,3815,3815,3815,3815
2024-08-09T03:43:00Z,3817,3818,3817,3818
2024-08-09T03:45:00Z,3816,3816,3816,3816
2024-08-09T03:46:00Z,3816,3816,3816,3816
2024-08-09T03:48:00Z,3815,3817,3815,3816
2024-08-09T03:49:00Z,3817,3818,3817,3818
2024-08-09T03:55:00Z,3817,3818,3817,3818
2024-08-09T03:57:00Z,3819,3819,3819,3819
2024-08-09T04:01:00Z,3820,3820,3820,3820
2024-08-09T04:16:00Z,3821,3821,3821,3821
2024-08-09T04:25:00Z,3820,3820,3820,3820
2024-08-09T04:28:00Z,3826,3826,3826,3826
2024-08-09T07:33:00Z,3820,3820,3820,3820
2024-08-09T07:38:00Z,3820,3820,3820,3820
2024-08-09T07:39:00Z,3820,3820,3820,3820
2024-08-09T08:47:00Z,3820,3820,3820,3820
2024-08-09T08:57:00Z,3823,3823,3823,3823
2024-08-09T08:58:00Z,3823,3823,3823,3823
2024-08-09T09:01:00Z,3830,3830,3830,3830
2024-08-09T09:46:00Z,3831,3831,3831,3831
2024-08-09T09:47:00Z,3831,3831,3830,3830
2024-08-09T09:48:00Z,3831,3831,3830,3831
2024-08-09T09:53:00Z,3831,3831,3831,3831
2024-08-12T03:54:00Z,3840,3840,3840,3840
2024-08-12T07:01:00Z,3820,3821,3820,3821
2024-08-12T07:02:00Z,3821,3821,3821,3821
2024-08-12T07:05:00Z,3825,3826,3825,3826
2024-08-12T07:18:00Z,3840,3840,3840,3840
2024-08-12T07:29:00Z,3850,3900,3850,3900
2024-08-12T07:36:00Z,3845,3850,3845,3850
2024-08-12T07:43:00Z,3825,3860,3825,3860
2024-08-12T07:45:00Z,3825,3825,3825,3825
2024-08-13T03:32:00Z,3880,3880,3880,3880
2024-08-13T03:39:00Z,3840,3840,3840,3840
2024-08-13T03:41:00Z,3840,3840,3840,3840
2024-08-13T06:32:00Z,3840,3840,3840,3840
2024-08-13T08:58:00Z,3840,3840,3840,3840
2024-08-13T09:59:00Z,3840,3840,3840,3840
2024-08-14T07:51:00Z,3860,3860,3860,3860
2024-08-14T08:12:00Z,3850,3850,3850,3850
2024-08-14T08:33:00Z,3855,3855,3855,3855
2024-08-14T09:05:00Z,3860,3860,3860,3860