time,open,high,low,close,Volume
2025-08-06T07:05:00Z,4186,4186,4186,4186,1
2025-08-06T07:07:00Z,4186,4186,4186,4186,1
2025-08-08T02:40:00Z,4185,4185,4184,4184,7
2025-08-08T02:43:00Z,4184,4184,4184,4184,7
2025-08-08T02:45:00Z,4184,4184,4184,4184,4
2025-08-08T02:46:00Z,4184,4184,4184,4184,2
2025-09-24T03:18:00Z,4130,4130,4130,4130,3
2025-10-08T09:56:00Z,4285,4285,4285,4285,3
2025-10-09T15:00:00Z,4324,4324,4324,4324,1
2025-10-09T15:01:00Z,4323,4323,4323,4323,4
2025-10-09T15:04:00Z,4322,4322,4322,4322,1
2025-10-10T04:20:00Z,4300,4300,4300,4300,2
2025-10-14T09:00:00Z,4306,4306,4306,4306,1
2025-10-15T03:03:00Z,4304,4304,4304,4304,1
2025-10-15T07:42:00Z,4335,4335,4335,4335,3
2025-10-31T09:08:00Z,4134,4134,4134,4134,1
2025-10-31T09:10:00Z,4134,4134,4134,4134,1
2025-11-06T02:53:00Z,4153,4153,4153,4153,2
2025-11-10T06:30:00Z,4133,4133,4133,4133,2
2025-11-14T02:30:00Z,4106,4106,4106,4106,1
2025-11-19T03:04:00Z,4170,4170,4170,4170,3
2025-11-19T03:05:00Z,4170,4170,4170,4170,1
2025-11-19T03:07:00Z,4170,4170,4170,4170,1
2025-11-20T09:28:00Z,4139,4139,4139,4139,1
2025-11-21T08:11:00Z,4065,4065,4065,4065,3
2025-11-21T08:16:00Z,4065,4065,4065,4065,3
2025-11-21T09:17:00Z,4065,4065,4065,4065,2
2025-11-21T09:20:00Z,4065,4065,4065,4065,2
2025-11-21T09:48:00Z,4055,4055,4055,4055,2
2025-11-21T09:55:00Z,4055,4055,4055,4055,1
2025-11-24T02:37:00Z,4054,4054,4054,4054,3
2025-11-24T02:38:00Z,4054,4054,4054,4054,4
2025-11-24T02:41:00Z,4049,4049,4048,4048,3
2025-11-24T02:42:00Z,4048,4048,4048,4048,2
2025-11-24T03:02:00Z,4048,4048,4048,4048,4
2025-11-24T03:04:00Z,4047,4047,4047,4047,1
2025-11-25T03:44:00Z,4014,4014,4014,4014,1
2025-11-25T04:17:00Z,4013,4013,4011,4013,9
2025-11-25T07:33:00Z,4001,4002,4001,4002,10
2025-11-26T13:32:00Z,4030,4030,4030,4030,1
2025-11-26T13:34:00Z,4031,4031,4031,4031,2
2025-12-08T08:46:00Z,4093,4093,4093,4093,3
2025-12-10T14:20:00Z,4094,4094,4094,4094,1
2025-12-10T14:42:00Z,4093,4093,4093,4093,1
2025-12-10T15:10:00Z,4086,4086,4086,4086,1
2025-12-11T02:38:00Z,4091,4091,4091,4091,1
2025-12-11T08:53:00Z,4060,4060,4060,4060,1
2025-12-11T13:10:00Z,4060,4060,4060,4060,5
2025-12-11T13:33:00Z,4060,4060,4060,4060,1
2025-12-11T13:36:00Z,4060,4060,4060,4060,4
2025-12-12T08:09:00Z,4026,4026,4026,4026,1
2025-12-15T02:52:00Z,4005,4005,4005,4005,4
2025-12-15T02:55:00Z,4005,4005,4005,4005,6
2025-12-15T14:33:00Z,3983,3983,3983,3983,1
2025-12-15T14:35:00Z,3983,3983,3983,3983,1
2025-12-15T14:42:00Z,3983,3983,3983,3983,1
2025-12-15T14:46:00Z,3983,3983,3983,3983,4
2025-12-15T14:48:00Z,3982,3983,3982,3983,3
2025-12-16T02:57:00Z,3963,3963,3963,3963,5
2025-12-16T02:58:00Z,3963,3963,3961,3963,5
2025-12-16T07:42:00Z,3952,3952,3952,3952,2
2025-12-16T09:18:00Z,3967,3967,3966,3966,2
2025-12-16T09:19:00Z,3966,3966,3966,3966,3
2025-12-16T09:54:00Z,3961,3963,3961,3963,5
2025-12-16T13:04:00Z,3963,3963,3963,3963,5
2025-12-17T03:59:00Z,3960,3960,3960,3960,1
2025-12-17T04:05:00Z,3962,3962,3962,3962,4
2025-12-17T07:39:00Z,3964,3964,3964,3964,2
2025-12-17T08:18:00Z,3970,3970,3970,3970,1
2025-12-17T08:20:00Z,3970,3970,3970,3970,4
2025-12-17T09:25:00Z,3972,3972,3972,3972,5
2025-12-18T02:37:00Z,4015,4015,4015,4015,1
2025-12-18T03:40:00Z,4002,4002,4002,4002,1
2025-12-18T03:41:00Z,4001,4001,4001,4001,6
2025-12-18T03:44:00Z,4000,4000,4000,4000,6
2025-12-18T03:46:00Z,4000,4000,4000,4000,4
2025-12-18T03:49:00Z,3997,3997,3997,3997,7
2025-12-18T03:50:00Z,3996,3996,3996,3996,2
2025-12-18T03:53:00Z,3998,3998,3998,3998,3
2025-12-18T03:54:00Z,3998,3998,3998,3998,2
2025-12-18T03:57:00Z,3995,3995,3995,3995,1
2025-12-18T04:12:00Z,3990,3990,3990,3990,1
2025-12-18T04:23:00Z,3991,3991,3991,3991,4
2025-12-18T07:57:00Z,3973,3974,3973,3974,5
2025-12-18T08:01:00Z,3974,3974,3974,3974,4
2025-12-18T08:08:00Z,3974,3974,3974,3974,3
2025-12-18T08:11:00Z,3976,3976,3976,3976,3
2025-12-18T08:13:00Z,3976,3976,3976,3976,1
2025-12-18T08:16:00Z,3975,3975,3975,3975,5
2025-12-18T08:18:00Z,3976,3976,3975,3975,5
2025-12-18T08:20:00Z,3980,3980,3980,3980,1
2025-12-18T08:33:00Z,3978,3978,3978,3978,4
2025-12-18T08:38:00Z,3980,3980,3980,3980,4
2025-12-18T08:40:00Z,3978,3978,3978,3978,5
2025-12-18T08:52:00Z,3978,3978,3978,3978,3
2025-12-18T09:06:00Z,3979,3980,3979,3980,5
2025-12-18T09:09:00Z,3976,3976,3976,3976,5
2025-12-18T09:11:00Z,3975,3975,3975,3975,5
2025-12-18T09:29:00Z,3980,3980,3980,3980,9
2025-12-18T09:47:00Z,3975,3975,3975,3975,5
2025-12-18T09:48:00Z,3980,3980,3980,3980,5
2025-12-18T09:57:00Z,3977,3977,3977,3977,7
2025-12-18T13:37:00Z,3980,3980,3980,3980,5
2025-12-18T13:41:00Z,3980,3980,3980,3980,1
2025-12-18T14:07:00Z,3980,3980,3980,3980,1
2025-12-18T14:09:00Z,3980,3980,3980,3980,2
2025-12-19T08:18:00Z,3931,3931,3931,3931,2
2025-12-19T08:33:00Z,3940,3940,3940,3940,5
2025-12-19T08:40:00Z,3941,3941,3941,3941,5
2025-12-19T08:44:00Z,3942,3942,3942,3942,5
2025-12-19T08:46:00Z,3943,3943,3943,3943,1
2025-12-19T08:56:00Z,3937,3937,3937,3937,6
2025-12-19T08:58:00Z,3935,3935,3935,3935,4
2025-12-19T08:59:00Z,3934,3934,3934,3934,1
2025-12-19T09:00:00Z,3935,3935,3935,3935,3
2025-12-19T09:01:00Z,3934,3934,3934,3934,9
2025-12-19T09:03:00Z,3933,3933,3933,3933,2
2025-12-19T09:04:00Z,3932,3932,3932,3932,4
2025-12-19T09:09:00Z,3930,3930,3930,3930,5
2025-12-19T09:11:00Z,3930,3930,3930,3930,2
2025-12-19T09:12:00Z,3930,3930,3930,3930,8
2025-12-19T09:13:00Z,3930,3930,3930,3930,9
2025-12-19T09:16:00Z,3929,3929,3929,3929,14
2025-12-19T09:18:00Z,3933,3933,3933,3933,3
2025-12-19T09:19:00Z,3929,3929,3929,3929,7
2025-12-19T09:25:00Z,3927,3927,3927,3927,9
2025-12-19T09:26:00Z,3928,3928,3927,3927,13
2025-12-19T09:27:00Z,3927,3927,3927,3927,3
2025-12-19T09:28:00Z,3928,3928,3928,3928,1
2025-12-19T09:32:00Z,3924,3924,3924,3924,11
2025-12-19T09:35:00Z,3924,3924,3923,3923,5
2025-12-19T09:38:00Z,3922,3922,3922,3922,10
2025-12-19T09:39:00Z,3922,3923,3921,3923,15
2025-12-19T09:40:00Z,3923,3925,3923,3925,9
2025-12-19T09:41:00Z,3924,3924,3920,3920,17
2025-12-19T09:42:00Z,3922,3922,3920,3921,8
2025-12-19T09:43:00Z,3920,3920,3920,3920,2
2025-12-19T09:47:00Z,3920,3921,3920,3921,7
2025-12-19T09:48:00Z,3920,3921,3920,3920,9
2025-12-19T09:50:00Z,3920,3920,3920,3920,9
2025-12-19T09:51:00Z,3920,3920,3920,3920,4
2025-12-19T09:52:00Z,3920,3920,3920,3920,14
2025-12-19T09:53:00Z,3920,3920,3920,3920,11
2025-12-19T09:54:00Z,3918,3918,3918,3918,1
2025-12-19T09:58:00Z,3920,3920,3920,3920,1
2025-12-19T09:59:00Z,3920,3920,3918,3918,23
2025-12-22T04:01:00Z,3950,3950,3950,3950,2
2025-12-22T04:02:00Z,3948,3950,3948,3950,6
2025-12-22T04:03:00Z,3950,3950,3950,3950,1
2025-12-22T04:07:00Z,3955,3955,3955,3955,2
2025-12-22T04:08:00Z,3955,3955,3955,3955,3
2025-12-22T04:09:00Z,3956,3956,3956,3956,2
2025-12-22T04:10:00Z,3954,3954,3954,3954,1
2025-12-22T04:13:00Z,3956,3956,3956,3956,2
2025-12-22T04:14:00Z,3957,3957,3957,3957,2
2025-12-22T04:19:00Z,3957,3957,3957,3957,2
2025-12-22T06:33:00Z,3982,3982,3982,3982,2
2025-12-22T06:36:00Z,3980,3980,3980,3980,2
2025-12-22T06:59:00Z,3980,3980,3980,3980,2
2025-12-22T07:00:00Z,3980,3980,3980,3980,1
2025-12-22T07:06:00Z,3980,3980,3980,3980,2
2025-12-23T02:56:00Z,4003,4003,4003,4003,7
2025-12-23T06:33:00Z,4006,4006,4006,4006,1
2025-12-23T06:37:00Z,4010,4011,4010,4011,8
2025-12-23T06:38:00Z,4011,4011,4011,4011,2
2025-12-23T06:39:00Z,4012,4013,4012,4013,10
2025-12-23T06:40:00Z,4014,4014,4014,4014,4
2025-12-23T06:43:00Z,4014,4015,4014,4015,6
2025-12-23T06:53:00Z,4014,4014,4013,4013,14
2025-12-23T07:11:00Z,4018,4018,4018,4018,1
2025-12-23T07:12:00Z,4018,4018,4018,4018,5
2025-12-23T07:27:00Z,4020,4020,4020,4020,1
2025-12-23T07:41:00Z,4014,4014,4014,4014,3
2025-12-23T07:54:00Z,4014,4014,4014,4014,4
2025-12-23T09:56:00Z,4011,4011,4011,4011,5
2025-12-23T09:57:00Z,4011,4011,4011,4011,1
2025-12-23T13:49:00Z,4021,4021,4014,4014,10
2025-12-23T14:29:00Z,4004,4004,4004,4004,1
2025-12-24T02:44:00Z,4009,4009,4009,4009,1
2025-12-26T02:31:00Z,3999,3999,3999,3999,27
2025-12-26T02:46:00Z,4003,4003,4003,4003,1
2025-12-26T02:47:00Z,4003,4006,4003,4006,17
2025-12-26T03:12:00Z,4009,4009,4008,4008,5
2025-12-26T03:13:00Z,4010,4010,4009,4009,3
2025-12-26T03:17:00Z,4000,4000,4000,4000,5
2025-12-26T03:35:00Z,4000,4000,4000,4000,4
2025-12-26T06:30:00Z,4000,4000,4000,4000,2
2025-12-26T06:31:00Z,4000,4000,4000,4000,1
2025-12-26T06:48:00Z,4000,4000,4000,4000,2
2025-12-26T06:49:00Z,4000,4000,4000,4000,7
2025-12-26T07:01:00Z,4000,4000,4000,4000,5
2025-12-26T07:06:00Z,4000,4000,4000,4000,2
2025-12-26T07:07:00Z,4000,4000,4000,4000,10
2025-12-26T07:08:00Z,4000,4000,4000,4000,6
2025-12-26T07:09:00Z,4000,4000,4000,4000,4
2025-12-26T07:10:00Z,4000,4000,4000,4000,2
2025-12-26T07:11:00Z,4000,4000,4000,4000,1
2025-12-26T07:12:00Z,4000,4000,4000,4000,5
2025-12-26T07:14:00Z,4000,4000,4000,4000,3
2025-12-26T07:15:00Z,4000,4000,4000,4000,2
2025-12-26T07:16:00Z,4000,4000,4000,4000,1
2025-12-26T07:18:00Z,4000,4000,4000,4000,2
2025-12-26T07:21:00Z,4000,4000,4000,4000,4
2025-12-26T07:22:00Z,4000,4000,4000,4000,24
2025-12-26T07:30:00Z,4000,4000,4000,4000,2
2025-12-26T07:42:00Z,4003,4003,4003,4003,5
2025-12-26T07:44:00Z,4003,4003,4003,4003,1
2025-12-26T07:45:00Z,4003,4003,4003,4003,1
2025-12-26T08:08:00Z,4003,4003,4003,4003,3
2025-12-26T08:09:00Z,4003,4003,4003,4003,3
2025-12-26T08:12:00Z,4003,4003,4003,4003,5
2025-12-26T08:16:00Z,4005,4005,4005,4005,17
2025-12-26T08:28:00Z,4010,4010,4010,4010,2
2025-12-26T08:30:00Z,4010,4010,4010,4010,1
2025-12-26T09:54:00Z,4013,4013,4008,4008,18
2025-12-26T09:55:00Z,4009,4009,4008,4008,18
2025-12-26T09:56:00Z,4008,4008,4003,4003,16
2025-12-26T09:57:00Z,4007,4007,4005,4005,29
2025-12-30T03:02:00Z,4025,4025,4025,4025,1
2025-12-30T06:51:00Z,4049,4049,4049,4049,1
2025-12-31T03:58:00Z,4018,4018,4018,4018,6
2025-12-31T03:59:00Z,4018,4018,4018,4018,15
2025-12-31T04:00:00Z,4018,4018,4017,4018,16
2025-12-31T04:01:00Z,4018,4019,4018,4019,6
2025-12-31T04:02:00Z,4018,4018,4018,4018,15
2025-12-31T04:05:00Z,4018,4018,4018,4018,11
2025-12-31T04:09:00Z,4015,4015,4015,4015,3
2025-12-31T06:53:00Z,4005,4005,4004,4004,9
2025-12-31T08:52:00Z,4007,4007,4007,4007,1
2026-01-02T09:01:00Z,3985,3985,3985,3985,1
2026-01-02T09:33:00Z,3980,3980,3980,3980,1
2026-01-05T09:49:00Z,4008,4008,4008,4008,1
2026-01-05T13:35:00Z,4000,4000,4000,4000,1
2026-01-05T15:00:00Z,4006,4006,4006,4006,1
2026-01-05T15:19:00Z,4006,4006,4006,4006,1
2026-01-06T02:47:00Z,4017,4017,4017,4017,5
2026-01-06T03:16:00Z,4005,4005,4005,4005,6
2026-01-06T03:17:00Z,4005,4005,4005,4005,5
2026-01-06T03:38:00Z,3990,3990,3990,3990,6
2026-01-06T04:12:00Z,3987,3987,3987,3987,1
2026-01-06T14:46:00Z,4004,4004,4004,4004,1
2026-01-07T03:17:00Z,3986,3986,3986,3986,2
2026-01-07T03:22:00Z,3986,3986,3986,3986,1
2026-01-07T03:23:00Z,3986,3986,3986,3986,3
2026-01-07T03:24:00Z,3986,3986,3986,3986,3
2026-01-07T06:30:00Z,3993,3993,3993,3993,5
2026-01-07T06:31:00Z,3996,3996,3996,3996,2
2026-01-07T08:00:00Z,4018,4018,4018,4018,1
2026-01-07T13:59:00Z,4043,4045,4043,4043,7
2026-01-08T02:30:00Z,4048,4048,4048,4048,1
2026-01-08T14:43:00Z,4024,4024,4024,4024,4
2026-01-08T15:10:00Z,4025,4025,4025,4025,4
2026-01-09T02:57:00Z,4042,4042,4041,4042,9
2026-01-09T07:32:00Z,4074,4074,4074,4074,1
2026-01-09T09:55:00Z,4031,4031,4031,4031,20
2026-01-12T02:32:00Z,4029,4029,4029,4029,1
2026-01-12T03:23:00Z,4041,4041,4041,4041,1
2026-01-12T03:24:00Z,4040,4040,4040,4040,5
2026-01-12T03:33:00Z,4028,4030,4028,4030,6
2026-01-12T03:35:00Z,4025,4025,4025,4025,1
2026-01-12T03:36:00Z,4025,4025,4024,4024,9
2026-01-12T03:39:00Z,4023,4023,4023,4023,2
2026-01-12T03:40:00Z,4023,4023,4023,4023,3
2026-01-12T03:43:00Z,4025,4025,4025,4025,2
2026-01-12T03:49:00Z,4021,4021,4021,4021,8
2026-01-12T04:07:00Z,4021,4021,4021,4021,5
2026-01-12T04:15:00Z,4024,4024,4024,4024,5
2026-01-12T04:25:00Z,4024,4024,4023,4023,23
2026-01-12T07:04:00Z,4060,4060,4060,4060,2
2026-01-12T07:08:00Z,4060,4060,4060,4060,4
2026-01-12T07:11:00Z,4061,4061,4060,4061,6
2026-01-12T07:13:00Z,4062,4065,4062,4065,3
2026-01-12T07:20:00Z,4070,4070,4070,4070,2
2026-01-12T07:30:00Z,4081,4081,4081,4081,2
2026-01-12T07:33:00Z,4078,4078,4078,4078,1
2026-01-12T07:40:00Z,4078,4078,4078,4078,1
2026-01-12T07:55:00Z,4071,4071,4071,4071,5
2026-01-12T07:56:00Z,4069,4069,4069,4069,7
2026-01-12T07:57:00Z,4068,4068,4068,4068,8
2026-01-12T07:58:00Z,4068,4068,4068,4068,3
2026-01-12T08:00:00Z,4070,4070,4070,4070,5
2026-01-12T08:05:00Z,4067,4067,4067,4067,1
2026-01-12T08:08:00Z,4070,4070,4070,4070,5
2026-01-12T08:09:00Z,4071,4072,4071,4072,10
2026-01-12T08:11:00Z,4075,4075,4075,4075,5
2026-01-12T08:12:00Z,4076,4076,4076,4076,5
2026-01-12T08:14:00Z,4077,4078,4077,4078,10
2026-01-12T08:22:00Z,4079,4079,4079,4079,5
2026-01-12T08:26:00Z,4074,4074,4074,4074,1
2026-01-12T08:31:00Z,4073,4073,4071,4071,13
2026-01-12T08:32:00Z,4070,4070,4070,4070,12
2026-01-12T08:33:00Z,4069,4069,4069,4069,8
2026-01-12T08:34:00Z,4068,4068,4068,4068,14
2026-01-12T08:35:00Z,4068,4068,4068,4068,3
2026-01-12T08:38:00Z,4066,4066,4066,4066,10
2026-01-12T08:49:00Z,4070,4070,4070,4070,1
2026-01-12T08:51:00Z,4068,4068,4068,4068,6
2026-01-12T08:53:00Z,4070,4070,4070,4070,4
2026-01-12T09:00:00Z,4074,4074,4074,4074,5
2026-01-12T09:04:00Z,4075,4075,4075,4075,5
2026-01-12T09:21:00Z,4080,4080,4080,4080,5
2026-01-12T09:24:00Z,4083,4083,4083,4083,1
2026-01-12T09:51:00Z,4099,4100,4099,4100,12
2026-01-12T09:54:00Z,4099,4099,4099,4099,1
2026-01-12T14:30:00Z,4100,4100,4100,4100,1
2026-01-13T02:40:00Z,4126,4126,4126,4126,2
2026-01-13T02:41:00Z,4121,4121,4121,4121,1
2026-01-13T03:13:00Z,4132,4132,4132,4132,1
2026-01-13T03:28:00Z,4128,4128,4128,4128,1
2026-01-13T07:31:00Z,4070,4070,4070,4070,12
2026-01-13T07:36:00Z,4060,4060,4060,4060,1
2026-01-13T08:11:00Z,4053,4053,4053,4053,2
2026-01-13T08:27:00Z,4046,4046,4045,4045,40
2026-01-13T08:32:00Z,4048,4048,4047,4047,15
2026-01-13T08:35:00Z,4043,4043,4042,4042,13
2026-01-13T08:43:00Z,4046,4046,4046,4046,1
2026-01-13T09:33:00Z,4070,4070,4070,4070,5
2026-01-13T14:40:00Z,4072,4072,4072,4072,1
2026-01-14T02:32:00Z,4087,4087,4083,4083,20
2026-01-14T02:33:00Z,4089,4089,4088,4088,10
2026-01-14T02:34:00Z,4091,4091,4090,4090,5
2026-01-14T02:35:00Z,4091,4091,4090,4090,10
2026-01-14T02:37:00Z,4092,4092,4092,4092,1
2026-01-14T02:38:00Z,4091,4093,4091,4093,5
2026-01-14T02:47:00Z,4097,4097,4097,4097,6
2026-01-14T02:55:00Z,4098,4098,4094,4094,32
2026-01-14T02:56:00Z,4096,4096,4096,4096,8
2026-01-14T03:09:00Z,4100,4100,4100,4100,3
2026-01-14T03:31:00Z,4087,4087,4086,4086,40
2026-01-14T03:32:00Z,4081,4081,4077,4077,11
2026-01-14T03:38:00Z,4071,4071,4071,4071,10
2026-01-14T03:54:00Z,4082,4082,4082,4082,2
2026-01-14T03:57:00Z,4084,4084,4084,4084,1
2026-01-14T04:02:00Z,4088,4088,4088,4088,1
2026-01-14T04:26:00Z,4085,4085,4085,4085,2
2026-01-14T06:38:00Z,4061,4061,4061,4061,10
2026-01-14T07:04:00Z,4063,4063,4063,4063,2
2026-01-14T07:12:00Z,4059,4059,4059,4059,1
2026-01-14T09:57:00Z,4050,4050,4050,4050,1
2026-01-14T09:59:00Z,4047,4047,4047,4047,1
2026-01-15T02:45:00Z,4042,4042,4042,4042,3
2026-01-15T02:47:00Z,4041,4041,4041,4041,4
2026-01-15T02:48:00Z,4040,4040,4039,4039,8
2026-01-15T02:49:00Z,4039,4039,4039,4039,1
2026-01-15T02:51:00Z,4037,4037,4037,4037,1
2026-01-15T02:58:00Z,4035,4035,4035,4035,1
2026-01-15T02:59:00Z,4034,4034,4034,4034,1
2026-01-15T03:10:00Z,4042,4042,4042,4042,5
2026-01-15T03:11:00Z,4042,4042,4042,4042,1
2026-01-15T03:16:00Z,4038,4038,4038,4038,2
2026-01-15T03:46:00Z,4038,4038,4038,4038,5
2026-01-15T03:47:00Z,4038,4038,4038,4038,5
2026-01-15T03:49:00Z,4039,4040,4039,4040,14
2026-01-15T04:12:00Z,4040,4040,4040,4040,1
2026-01-15T04:13:00Z,4040,4040,4040,4040,1
2026-01-15T04:14:00Z,4040,4040,4040,4040,4
2026-01-15T06:36:00Z,4044,4044,4044,4044,1
2026-01-15T06:37:00Z,4037,4037,4037,4037,3
2026-01-15T06:43:00Z,4038,4038,4038,4038,1
2026-01-15T06:52:00Z,4037,4037,4037,4037,1
2026-01-15T06:55:00Z,4036,4036,4036,4036,10
2026-01-15T06:59:00Z,4030,4030,4030,4030,4
2026-01-15T07:00:00Z,4029,4029,4027,4027,23
2026-01-15T07:03:00Z,4028,4028,4028,4028,1
2026-01-15T07:09:00Z,4028,4028,4028,4028,6
2026-01-15T07:12:00Z,4025,4025,4025,4025,4
2026-01-15T07:34:00Z,4021,4021,4021,4021,11
2026-01-15T07:35:00Z,4021,4021,4021,4021,7
2026-01-15T07:36:00Z,4021,4021,4021,4021,2
2026-01-15T07:37:00Z,4021,4021,4021,4021,10
2026-01-15T08:03:00Z,4006,4006,4006,4006,1
2026-01-15T08:05:00Z,4006,4006,4006,4006,4
2026-01-15T08:11:00Z,4008,4009,4007,4009,29
2026-01-15T08:12:00Z,4009,4010,4009,4010,3
2026-01-15T08:15:00Z,4010,4010,4010,4010,4
2026-01-15T08:41:00Z,4015,4015,4015,4015,5
2026-01-15T09:03:00Z,4000,4000,4000,4000,6
2026-01-15T09:06:00Z,4000,4000,4000,4000,4
2026-01-15T09:10:00Z,3995,3995,3995,3995,1
2026-01-15T09:21:00Z,3994,3994,3994,3994,10
2026-01-15T09:22:00Z,3993,3993,3988,3989,44
2026-01-15T09:23:00Z,3989,3989,3989,3989,2
2026-01-15T09:25:00Z,3988,3988,3986,3986,5
2026-01-15T09:29:00Z,3981,3981,3980,3980,2
2026-01-15T09:32:00Z,3982,3982,3981,3982,5
2026-01-15T09:46:00Z,3984,3984,3983,3983,6
2026-01-15T09:50:00Z,3984,3984,3984,3984,2
2026-01-15T09:52:00Z,3982,3982,3982,3982,1
2026-01-15T09:53:00Z,3981,3981,3981,3981,2
2026-01-15T09:56:00Z,3981,3981,3981,3981,1
2026-01-15T09:57:00Z,3979,3979,3979,3979,1
2026-01-15T13:07:00Z,3985,3985,3985,3985,2
2026-01-15T13:16:00Z,3987,3987,3987,3987,2
2026-01-15T13:19:00Z,3991,3991,3991,3991,1
2026-01-15T13:27:00Z,3995,3995,3995,3995,1
2026-01-15T13:37:00Z,3990,3990,3990,3990,1
2026-01-15T14:48:00Z,4029,4031,4029,4031,2
2026-01-15T14:54:00Z,4037,4037,4037,4037,2
2026-01-15T14:55:00Z,4037,4037,4035,4035,8
2026-01-16T02:31:00Z,4051,4051,4051,4051,1
2026-01-16T02:35:00Z,4035,4035,4034,4034,28
2026-01-16T02:36:00Z,4031,4031,4030,4030,8
2026-01-16T02:37:00Z,4029,4029,4026,4026,14
2026-01-16T02:38:00Z,4028,4028,4028,4028,1
2026-01-16T02:40:00Z,4027,4027,4027,4027,4
2026-01-16T02:41:00Z,4032,4035,4031,4035,7
2026-01-16T02:42:00Z,4033,4035,4033,4033,5
2026-01-16T02:49:00Z,4034,4034,4034,4034,2
2026-01-16T02:51:00Z,4037,4037,4037,4037,2
2026-01-16T02:52:00Z,4033,4033,4033,4033,1
2026-01-16T03:01:00Z,4040,4040,4040,4040,10
2026-01-16T03:07:00Z,4042,4042,4042,4042,1
2026-01-16T03:11:00Z,4042,4042,4042,4042,4
2026-01-16T03:20:00Z,4036,4036,4036,4036,5
2026-01-16T03:32:00Z,4045,4045,4045,4045,5
2026-01-16T06:56:00Z,4055,4055,4053,4053,10
2026-01-16T07:15:00Z,4063,4063,4063,4063,8
2026-01-16T08:14:00Z,4062,4062,4062,4062,15
2026-01-16T08:15:00Z,4062,4062,4062,4062,1
2026-01-16T08:16:00Z,4062,4062,4062,4062,2
2026-01-16T08:19:00Z,4062,4062,4062,4062,20
2026-01-16T09:30:00Z,4072,4072,4072,4072,1
2026-01-16T09:44:00Z,4077,4077,4077,4077,2
2026-01-19T02:33:00Z,4050,4050,4050,4050,1
2026-01-19T02:53:00Z,4048,4048,4048,4048,2
2026-01-19T02:54:00Z,4049,4049,4049,4049,1
2026-01-19T03:04:00Z,4050,4050,4050,4050,2
2026-01-19T03:06:00Z,4050,4050,4050,4050,3
2026-01-19T03:10:00Z,4051,4051,4051,4051,5
2026-01-19T06:50:00Z,4044,4044,4043,4043,3
2026-01-19T06:51:00Z,4043,4043,4040,4040,8
2026-01-19T07:26:00Z,4052,4052,4052,4052,1
2026-01-19T08:22:00Z,4059,4059,4059,4059,2
2026-01-19T08:36:00Z,4068,4068,4068,4068,2
2026-01-19T08:41:00Z,4070,4070,4070,4070,2
2026-01-19T08:42:00Z,4070,4070,4070,4070,1
2026-01-19T08:43:00Z,4070,4070,4070,4070,2
2026-01-19T08:45:00Z,4068,4068,4068,4068,2
2026-01-19T13:20:00Z,4074,4074,4074,4074,5
2026-01-20T02:38:00Z,4080,4081,4080,4081,5
2026-01-20T02:49:00Z,4089,4089,4086,4086,32
2026-01-20T02:53:00Z,4084,4084,4084,4084,3
2026-01-20T03:03:00Z,4092,4092,4092,4092,1
2026-01-20T03:51:00Z,4092,4092,4092,4092,1
2026-01-20T03:53:00Z,4093,4093,4093,4093,3
2026-01-20T03:56:00Z,4094,4094,4094,4094,3
2026-01-20T04:21:00Z,4094,4094,4094,4094,1
2026-01-20T04:22:00Z,4094,4094,4094,4094,1
2026-01-20T04:24:00Z,4095,4095,4095,4095,1
2026-01-20T07:01:00Z,4100,4101,4100,4100,6
2026-01-20T07:04:00Z,4099,4099,4099,4099,1
2026-01-20T07:36:00Z,4105,4105,4105,4105,4
2026-01-20T07:44:00Z,4093,4093,4093,4093,1
2026-01-20T07:51:00Z,4088,4088,4088,4088,1
2026-01-20T07:53:00Z,4086,4086,4086,4086,2
2026-01-20T07:56:00Z,4082,4082,4082,4082,2
2026-01-20T07:58:00Z,4082,4082,4082,4082,1
2026-01-20T09:44:00Z,4084,4084,4084,4084,1
2026-01-20T09:48:00Z,4085,4085,4085,4085,1
2026-01-20T14:04:00Z,4108,4108,4105,4105,9
2026-01-20T14:08:00Z,4103,4103,4103,4103,9
2026-01-21T02:37:00Z,4118,4118,4118,4118,5
2026-01-21T02:42:00Z,4119,4119,4119,4119,1
2026-01-21T03:28:00Z,4113,4113,4112,4112,3
2026-01-21T03:29:00Z,4112,4112,4112,4112,2
2026-01-21T03:57:00Z,4102,4103,4102,4102,14
2026-01-21T04:02:00Z,4107,4107,4106,4106,6
2026-01-21T04:13:00Z,4099,4099,4099,4099,2
2026-01-21T06:38:00Z,4103,4104,4103,4104,2
2026-01-21T06:47:00Z,4111,4111,4110,4110,2
2026-01-21T07:10:00Z,4129,4129,4129,4129,1
2026-01-21T07:11:00Z,4129,4129,4129,4129,10
2026-01-21T07:58:00Z,4129,4129,4129,4129,3
2026-01-21T08:49:00Z,4131,4131,4131,4131,2
2026-01-21T09:03:00Z,4126,4126,4126,4126,2
2026-01-21T09:11:00Z,4130,4130,4130,4130,1
2026-01-21T09:17:00Z,4132,4132,4132,4132,1
2026-01-21T09:26:00Z,4129,4130,4129,4130,4
2026-01-21T09:30:00Z,4126,4126,4126,4126,1
2026-01-21T09:34:00Z,4127,4127,4127,4127,1
2026-01-21T09:37:00Z,4128,4128,4128,4128,2
2026-01-21T09:41:00Z,4135,4135,4135,4135,1
2026-01-21T09:42:00Z,4131,4131,4131,4131,2
2026-01-21T09:44:00Z,4130,4130,4130,4130,2
2026-01-21T09:48:00Z,4133,4134,4133,4134,4
2026-01-21T09:49:00Z,4135,4135,4135,4135,1
2026-01-21T13:30:00Z,4168,4168,4166,4166,7
2026-01-21T14:20:00Z,4155,4155,4155,4155,6
2026-01-21T14:21:00Z,4153,4153,4153,4153,1
2026-01-21T14:22:00Z,4152,4153,4152,4153,5
2026-01-22T02:42:00Z,4163,4163,4163,4163,3
2026-01-22T02:43:00Z,4163,4163,4163,4163,3
2026-01-22T02:44:00Z,4164,4164,4164,4164,1
2026-01-22T02:45:00Z,4165,4165,4165,4165,4
2026-01-22T02:46:00Z,4167,4167,4167,4167,4
2026-01-22T02:48:00Z,4168,4168,4166,4166,3
2026-01-22T02:51:00Z,4169,4170,4169,4170,7
2026-01-22T03:02:00Z,4169,4169,4169,4169,1
2026-01-22T04:26:00Z,4160,4160,4160,4160,1
2026-01-22T07:13:00Z,4158,4158,4157,4157,3
2026-01-22T07:15:00Z,4158,4158,4158,4158,2
2026-01-22T07:17:00Z,4158,4158,4158,4158,1
2026-01-22T07:30:00Z,4168,4168,4168,4168,7
2026-01-22T07:33:00Z,4168,4168,4168,4168,2
2026-01-22T07:44:00Z,4168,4168,4168,4168,1
2026-01-22T07:45:00Z,4168,4168,4168,4168,2
2026-01-22T08:35:00Z,4164,4164,4164,4164,3
2026-01-22T08:51:00Z,4154,4154,4154,4154,2
2026-01-22T09:25:00Z,4160,4160,4160,4160,4
2026-01-22T09:51:00Z,4154,4154,4154,4154,1
2026-01-23T02:31:00Z,4128,4129,4126,4129,6
2026-01-23T02:39:00Z,4125,4125,4125,4125,1
2026-01-23T02:40:00Z,4121,4121,4121,4121,1
2026-01-23T02:41:00Z,4119,4119,4119,4119,2
2026-01-23T02:50:00Z,4118,4118,4118,4118,1
2026-01-23T02:52:00Z,4118,4118,4118,4118,2
2026-01-23T02:59:00Z,4118,4118,4118,4118,1
2026-01-23T03:01:00Z,4121,4121,4121,4121,1
2026-01-23T03:03:00Z,4119,4119,4119,4119,2
2026-01-23T03:05:00Z,4120,4120,4120,4120,2
2026-01-23T03:12:00Z,4117,4117,4117,4117,5
2026-01-23T03:14:00Z,4117,4117,4117,4117,5
2026-01-23T03:15:00Z,4118,4118,4118,4118,5
2026-01-23T03:25:00Z,4118,4118,4118,4118,2
2026-01-23T03:28:00Z,4118,4119,4118,4119,4
2026-01-23T03:42:00Z,4119,4119,4119,4119,4
2026-01-23T03:43:00Z,4120,4120,4120,4120,3
2026-01-23T03:44:00Z,4120,4120,4120,4120,2
2026-01-23T03:46:00Z,4121,4121,4121,4121,2
2026-01-23T03:51:00Z,4121,4121,4119,4119,3
2026-01-23T03:53:00Z,4118,4121,4118,4121,2
2026-01-23T03:56:00Z,4116,4116,4116,4116,1
2026-01-23T04:15:00Z,4120,4121,4120,4121,9
2026-01-23T04:17:00Z,4121,4122,4121,4122,5
2026-01-23T06:36:00Z,4102,4102,4098,4098,5
2026-01-23T06:39:00Z,4100,4100,4100,4100,2
2026-01-23T06:40:00Z,4099,4099,4098,4098,7
2026-01-23T06:50:00Z,4096,4096,4095,4095,5
2026-01-23T06:51:00Z,4097,4097,4097,4097,2
2026-01-23T06:59:00Z,4098,4098,4098,4098,2
2026-01-23T07:00:00Z,4099,4099,4098,4098,3
2026-01-23T07:01:00Z,4097,4097,4095,4095,27
2026-01-23T07:02:00Z,4094,4094,4090,4090,25
2026-01-23T07:04:00Z,4092,4092,4091,4091,10
2026-01-23T07:05:00Z,4091,4091,4091,4091,4
2026-01-23T07:06:00Z,4092,4093,4092,4093,5
2026-01-23T07:08:00Z,4093,4093,4093,4093,4
2026-01-23T07:09:00Z,4092,4092,4092,4092,1
2026-01-23T07:13:00Z,4093,4093,4093,4093,5
2026-01-23T07:17:00Z,4094,4098,4094,4098,2
2026-01-23T08:15:00Z,4097,4097,4097,4097,2
2026-01-23T08:20:00Z,4094,4094,4094,4094,3
2026-01-23T09:56:00Z,4116,4116,4116,4116,2
2026-01-26T03:13:00Z,4124,4124,4124,4124,1
2026-01-26T03:17:00Z,4124,4124,4123,4123,2
2026-01-26T04:14:00Z,4117,4117,4117,4117,4
2026-01-26T06:31:00Z,4129,4129,4128,4128,3
2026-01-26T06:37:00Z,4127,4127,4127,4127,1
2026-01-26T06:38:00Z,4128,4128,4128,4128,1
2026-01-26T07:00:00Z,4143,4143,4143,4143,1
2026-01-26T07:02:00Z,4147,4147,4147,4147,2
2026-01-26T07:03:00Z,4150,4150,4142,4142,3
2026-01-26T07:10:00Z,4142,4142,4142,4142,4
2026-01-26T07:12:00Z,4138,4138,4138,4138,2
2026-01-26T07:22:00Z,4142,4142,4142,4142,1
2026-01-26T07:23:00Z,4140,4140,4140,4140,2
2026-01-26T07:24:00Z,4139,4139,4139,4139,2
2026-01-26T07:26:00Z,4141,4141,4141,4141,1
2026-01-26T07:40:00Z,4134,4134,4134,4134,2
2026-01-26T08:14:00Z,4131,4131,4131,4131,1
2026-01-26T08:18:00Z,4135,4135,4135,4135,1
2026-01-26T08:24:00Z,4132,4132,4132,4132,4
2026-01-26T08:54:00Z,4132,4132,4132,4132,3
2026-01-26T09:12:00Z,4133,4133,4133,4133,4
2026-01-26T09:14:00Z,4132,4132,4131,4131,8
2026-01-26T09:15:00Z,4130,4130,4130,4130,1
2026-01-26T09:16:00Z,4128,4128,4123,4124,42
2026-01-26T09:18:00Z,4127,4127,4124,4124,13
2026-01-26T09:20:00Z,4123,4123,4122,4122,2
2026-01-26T09:22:00Z,4121,4121,4121,4121,3
2026-01-26T09:23:00Z,4121,4121,4120,4120,4
2026-01-26T09:33:00Z,4116,4116,4116,4116,3
2026-01-26T09:47:00Z,4120,4120,4120,4120,2
2026-01-26T09:48:00Z,4120,4120,4120,4120,2
2026-01-26T09:54:00Z,4112,4112,4112,4112,1
2026-01-26T14:10:00Z,4111,4111,4111,4111,1
2026-01-26T14:11:00Z,4109,4109,4109,4109,7
2026-01-26T14:33:00Z,4133,4133,4133,4133,1
2026-01-27T03:13:00Z,4129,4129,4129,4129,1
2026-01-27T04:10:00Z,4143,4143,4143,4143,1
2026-01-27T04:11:00Z,4144,4147,4144,4147,11
2026-01-27T06:30:00Z,4147,4147,4143,4143,10
2026-01-27T06:32:00Z,4141,4141,4141,4141,1
2026-01-27T06:43:00Z,4157,4157,4157,4157,2
2026-01-27T06:45:00Z,4157,4157,4157,4157,18
2026-01-27T07:44:00Z,4159,4159,4159,4159,1
2026-01-27T13:33:00Z,4163,4163,4163,4163,2
2026-01-27T13:35:00Z,4163,4163,4163,4163,4
2026-01-27T13:37:00Z,4163,4163,4163,4163,8
2026-01-27T13:39:00Z,4163,4163,4163,4163,1
2026-01-27T14:00:00Z,4156,4156,4156,4156,6
2026-01-27T14:11:00Z,4156,4156,4156,4156,5
2026-01-27T14:12:00Z,4156,4156,4156,4156,4
2026-01-28T02:31:00Z,4130,4146,4130,4143,10
2026-01-28T02:44:00Z,4142,4142,4142,4142,2
2026-01-28T02:45:00Z,4145,4145,4145,4145,4
2026-01-28T02:47:00Z,4144,4145,4143,4143,14
2026-01-28T02:49:00Z,4143,4143,4143,4143,11
2026-01-28T02:50:00Z,4142,4142,4142,4142,1
2026-01-28T02:51:00Z,4137,4137,4137,4137,1
2026-01-28T02:52:00Z,4134,4134,4132,4132,13
2026-01-28T02:53:00Z,4132,4132,4130,4131,24
2026-01-28T02:54:00Z,4131,4131,4130,4130,6
2026-01-28T02:55:00Z,4132,4132,4132,4132,1
2026-01-28T03:04:00Z,4132,4132,4132,4132,4
2026-01-28T03:05:00Z,4132,4132,4132,4132,9
2026-01-28T03:10:00Z,4132,4132,4132,4132,26
2026-01-28T03:11:00Z,4136,4136,4136,4136,2
2026-01-28T03:17:00Z,4136,4136,4136,4136,4
2026-01-28T03:23:00Z,4132,4132,4132,4132,1
2026-01-28T03:24:00Z,4132,4132,4132,4132,4
2026-01-28T03:28:00Z,4134,4134,4134,4134,2
2026-01-28T03:30:00Z,4134,4134,4134,4134,1
2026-01-28T03:31:00Z,4136,4136,4136,4136,4
2026-01-28T03:53:00Z,4140,4140,4140,4140,31
2026-01-28T04:00:00Z,4140,4140,4140,4140,9
2026-01-28T06:51:00Z,4144,4144,4139,4139,9
2026-01-28T07:18:00Z,4136,4136,4136,4136,6
2026-01-28T07:19:00Z,4137,4137,4137,4137,1
2026-01-28T07:35:00Z,4140,4140,4140,4140,67
2026-01-28T07:36:00Z,4140,4140,4140,4140,1
2026-01-28T07:51:00Z,4126,4126,4126,4126,1
2026-01-28T07:56:00Z,4129,4129,4129,4129,1
2026-01-28T09:31:00Z,4133,4133,4133,4133,6
2026-01-28T09:33:00Z,4133,4133,4133,4133,3
2026-01-28T09:42:00Z,4133,4133,4133,4133,12
2026-01-28T09:44:00Z,4133,4133,4133,4133,7
2026-01-28T09:45:00Z,4133,4135,4133,4135,17
2026-01-28T09:46:00Z,4135,4135,4135,4135,31
2026-01-28T09:56:00Z,4135,4135,4135,4135,4
2026-01-28T13:00:00Z,4146,4146,4146,4146,5
2026-01-28T13:25:00Z,4138,4138,4138,4138,1
2026-01-28T13:46:00Z,4138,4138,4138,4138,7
2026-01-28T13:47:00Z,4138,4138,4137,4137,3
2026-01-28T13:52:00Z,4143,4143,4143,4143,1
2026-01-28T13:53:00Z,4142,4142,4142,4142,2
2026-01-28T14:03:00Z,4142,4142,4142,4142,2
2026-01-28T14:05:00Z,4142,4142,4142,4142,1
2026-01-28T14:30:00Z,4144,4144,4143,4143,5
2026-01-29T03:03:00Z,4149,4149,4148,4149,8
2026-01-29T03:05:00Z,4149,4149,4148,4148,34
2026-01-29T03:08:00Z,4149,4149,4149,4149,24
2026-01-29T03:40:00Z,4152,4152,4152,4152,1
2026-01-29T04:07:00Z,4166,4166,4166,4166,1
2026-01-29T06:33:00Z,4169,4169,4169,4169,9
2026-01-29T06:34:00Z,4167,4167,4167,4167,1
2026-01-29T06:36:00Z,4150,4150,4150,4150,2
2026-01-29T06:38:00Z,4149,4149,4147,4147,8
2026-01-29T06:40:00Z,4148,4148,4148,4148,1
2026-01-29T06:41:00Z,4148,4149,4148,4149,11
2026-01-29T06:47:00Z,4150,4150,4145,4145,4
2026-01-29T08:08:00Z,4171,4171,4171,4171,1
2026-01-29T08:54:00Z,4170,4170,4170,4170,1
2026-01-29T08:57:00Z,4169,4169,4168,4168,7
2026-01-29T08:58:00Z,4168,4168,4168,4168,1
2026-01-29T08:59:00Z,4168,4168,4168,4168,6
2026-01-29T09:01:00Z,4166,4166,4166,4166,102
2026-01-29T09:02:00Z,4166,4166,4166,4166,2
2026-01-29T09:06:00Z,4171,4171,4171,4171,1
2026-01-29T09:25:00Z,4174,4174,4174,4174,38
2026-01-29T09:30:00Z,4178,4178,4178,4178,12
2026-01-29T09:34:00Z,4178,4178,4178,4178,6
2026-01-29T09:35:00Z,4178,4178,4178,4178,6
2026-01-29T09:36:00Z,4178,4178,4178,4178,2
2026-01-29T09:37:00Z,4178,4178,4178,4178,1
2026-01-29T09:40:00Z,4178,4178,4178,4178,2
2026-01-29T09:41:00Z,4178,4178,4178,4178,5
2026-01-29T09:45:00Z,4178,4178,4178,4178,8
2026-01-29T09:46:00Z,4178,4178,4178,4178,1
2026-01-29T09:59:00Z,4166,4166,4166,4166,1
2026-01-29T13:47:00Z,4162,4162,4162,4162,2
2026-01-29T13:49:00Z,4161,4161,4161,4161,1
2026-01-29T14:59:00Z,4161,4161,4161,4161,1
2026-01-30T02:30:00Z,4130,4130,4130,4130,20
2026-01-30T02:42:00Z,4113,4113,4111,4111,15
2026-01-30T02:55:00Z,4113,4113,4111,4111,3
2026-01-30T03:01:00Z,4100,4100,4100,4100,1
2026-01-30T04:12:00Z,4106,4106,4106,4106,1
2026-01-30T04:26:00Z,4119,4119,4118,4118,3
2026-01-30T07:08:00Z,4124,4124,4124,4124,1
2026-01-30T07:12:00Z,4120,4120,4120,4120,1
2026-01-30T08:29:00Z,4128,4128,4128,4128,1
2026-01-30T08:31:00Z,4127,4127,4127,4127,1
2026-01-30T09:21:00Z,4129,4129,4129,4129,1
2026-01-30T09:25:00Z,4114,4114,4113,4113,2
2026-01-30T09:30:00Z,4117,4117,4117,4117,1
2026-01-30T09:41:00Z,4103,4103,4100,4100,45
2026-01-30T09:42:00Z,4100,4100,4098,4098,30
2026-01-30T09:47:00Z,4093,4093,4093,4093,2
2026-01-30T09:55:00Z,4106,4107,4106,4107,2
2026-01-30T09:58:00Z,4109,4109,4109,4109,4
2026-02-03T02:30:00Z,4087,4087,4087,4087,1
2026-02-03T02:33:00Z,4099,4099,4099,4099,1
2026-02-03T02:36:00Z,4100,4101,4100,4101,14
2026-02-03T02:41:00Z,4104,4107,4104,4107,26
2026-02-03T03:00:00Z,4109,4110,4106,4106,8
2026-02-03T03:01:00Z,4108,4108,4108,4108,3
2026-02-03T06:40:00Z,4112,4115,4112,4114,5
2026-02-03T06:56:00Z,4103,4103,4103,4103,3
2026-02-03T07:13:00Z,4095,4095,4095,4095,1
2026-02-03T07:19:00Z,4100,4100,4100,4100,1
2026-02-03T07:20:00Z,4100,4100,4100,4100,2
2026-02-03T07:21:00Z,4100,4100,4100,4100,1
2026-02-03T07:36:00Z,4100,4100,4100,4100,1
2026-02-03T07:37:00Z,4100,4100,4100,4100,1
2026-02-03T08:39:00Z,4099,4100,4099,4100,4
2026-02-03T08:41:00Z,4101,4101,4101,4101,3
2026-02-03T09:12:00Z,4106,4106,4106,4106,4
2026-02-03T09:18:00Z,4109,4109,4109,4109,5
2026-02-04T02:30:00Z,4108,4108,4108,4108,4
2026-02-04T03:22:00Z,4122,4122,4122,4122,1
2026-02-04T03:57:00Z,4132,4133,4132,4133,22
2026-02-04T03:58:00Z,4133,4133,4133,4133,1
2026-02-04T03:59:00Z,4133,4133,4133,4133,2
2026-02-04T04:00:00Z,4133,4133,4133,4133,5
2026-02-04T04:01:00Z,4133,4133,4133,4133,10
2026-02-04T06:37:00Z,4121,4121,4120,4120,4
2026-02-04T06:38:00Z,4121,4121,4121,4121,1
2026-02-04T06:51:00Z,4134,4136,4134,4136,2
2026-02-04T07:21:00Z,4138,4138,4138,4138,1
2026-02-04T07:46:00Z,4134,4134,4134,4134,10
2026-02-04T07:49:00Z,4132,4132,4130,4130,15
2026-02-04T08:03:00Z,4116,4116,4116,4116,1
2026-02-04T08:16:00Z,4124,4124,4124,4124,1
2026-02-04T08:42:00Z,4128,4128,4128,4128,4
2026-02-04T08:44:00Z,4130,4130,4130,4130,2
2026-02-04T08:48:00Z,4130,4130,4130,4130,6
2026-02-04T08:49:00Z,4130,4130,4130,4130,6
2026-02-04T08:50:00Z,4130,4133,4130,4133,5
2026-02-04T08:53:00Z,4130,4130,4130,4130,1
2026-02-04T08:55:00Z,4132,4132,4132,4132,1
2026-02-04T09:00:00Z,4128,4128,4127,4127,18
2026-02-04T09:15:00Z,4129,4129,4129,4129,1
2026-02-04T09:20:00Z,4133,4133,4133,4133,1
2026-02-04T09:21:00Z,4134,4134,4134,4134,1
2026-02-04T09:25:00Z,4139,4140,4139,4140,2
2026-02-04T09:26:00Z,4140,4140,4140,4140,2
2026-02-04T09:30:00Z,4145,4145,4145,4145,20
2026-02-04T09:31:00Z,4145,4145,4145,4145,20
2026-02-04T09:34:00Z,4145,4145,4145,4145,44
2026-02-04T09:35:00Z,4145,4147,4145,4147,7
2026-02-04T09:44:00Z,4144,4144,4144,4144,2
2026-02-04T09:52:00Z,4148,4148,4148,4148,1
2026-02-04T09:54:00Z,4151,4151,4150,4150,4
2026-02-04T09:57:00Z,4151,4151,4151,4151,2
2026-02-05T02:50:00Z,4138,4138,4138,4138,1
2026-02-05T02:51:00Z,4136,4136,4136,4136,1
2026-02-05T02:57:00Z,4134,4134,4134,4134,1
2026-02-05T03:27:00Z,4127,4127,4125,4125,16
2026-02-05T06:36:00Z,4141,4141,4138,4138,40
2026-02-05T06:40:00Z,4140,4140,4140,4140,27
2026-02-05T06:41:00Z,4140,4140,4140,4140,1
2026-02-05T07:35:00Z,4139,4140,4139,4140,3
2026-02-05T07:36:00Z,4140,4143,4140,4143,12
2026-02-05T07:49:00Z,4141,4141,4141,4141,5
2026-02-05T08:06:00Z,4148,4148,4148,4148,1
2026-02-05T08:10:00Z,4148,4148,4148,4148,19
2026-02-05T08:11:00Z,4150,4150,4150,4150,10
2026-02-05T08:14:00Z,4152,4152,4152,4152,10
2026-02-05T09:05:00Z,4158,4158,4158,4158,2
2026-02-05T09:08:00Z,4160,4161,4160,4161,2
2026-02-05T09:11:00Z,4164,4164,4164,4164,2
2026-02-05T09:15:00Z,4167,4167,4163,4163,28
2026-02-05T09:41:00Z,4160,4160,4160,4160,2
2026-02-05T09:43:00Z,4159,4159,4159,4159,2
2026-02-05T09:50:00Z,4157,4157,4157,4157,1
2026-02-05T13:00:00Z,4140,4140,4140,4140,1
2026-02-05T13:02:00Z,4130,4130,4130,4130,1
2026-02-05T13:12:00Z,4139,4139,4139,4139,1
2026-02-05T13:35:00Z,4136,4136,4136,4136,1
2026-02-05T13:47:00Z,4138,4138,4138,4138,1
2026-02-05T13:48:00Z,4137,4137,4137,4137,1
2026-02-05T14:15:00Z,4135,4135,4135,4135,1
2026-02-06T02:48:00Z,4137,4137,4137,4137,15
2026-02-06T02:50:00Z,4137,4137,4137,4137,17
2026-02-06T02:59:00Z,4134,4134,4134,4134,1
2026-02-06T03:01:00Z,4134,4134,4134,4134,5
2026-02-06T03:11:00Z,4135,4135,4133,4133,40
2026-02-06T03:13:00Z,4131,4131,4131,4131,1
2026-02-06T03:21:00Z,4126,4126,4124,4124,2
2026-02-06T03:34:00Z,4137,4137,4133,4133,38
2026-02-06T07:11:00Z,4127,4127,4127,4127,1
2026-02-06T07:25:00Z,4135,4135,4135,4135,10
2026-02-06T07:34:00Z,4135,4135,4135,4135,10
2026-02-06T07:35:00Z,4135,4135,4135,4135,4
2026-02-06T07:37:00Z,4135,4135,4135,4135,2
2026-02-06T07:38:00Z,4135,4135,4135,4135,3
2026-02-06T08:01:00Z,4125,4125,4125,4125,3
2026-02-06T08:02:00Z,4125,4125,4125,4125,1
2026-02-09T09:31:00Z,4112,4112,4112,4112,1
2026-02-09T09:33:00Z,4108,4108,4108,4108,1
2026-02-09T14:22:00Z,4098,4098,4098,4098,1
2026-02-10T03:37:00Z,4088,4088,4088,4088,1
2026-02-10T04:23:00Z,4076,4076,4076,4076,1
2026-02-10T06:52:00Z,4076,4076,4076,4076,1
2026-02-10T06:53:00Z,4077,4078,4077,4078,3
2026-02-10T06:57:00Z,4074,4074,4074,4074,1
2026-02-10T07:27:00Z,4070,4070,4069,4069,4
2026-02-10T07:36:00Z,4056,4056,4056,4056,1
2026-02-10T07:45:00Z,4052,4052,4052,4052,1
2026-02-10T08:14:00Z,4040,4040,4040,4040,1
2026-02-10T08:27:00Z,4053,4053,4053,4053,1
2026-02-10T09:35:00Z,4044,4044,4044,4044,1
2026-02-10T09:46:00Z,4035,4035,4035,4035,2
2026-02-10T09:48:00Z,4037,4037,4037,4037,1
2026-02-10T09:53:00Z,4035,4035,4035,4035,1
2026-02-11T02:31:00Z,4067,4072,4066,4066,26
2026-02-11T02:47:00Z,4071,4071,4071,4071,1
2026-02-11T02:48:00Z,4071,4071,4071,4071,1
2026-02-11T04:22:00Z,4082,4082,4082,4082,1
2026-02-11T08:30:00Z,4029,4029,4027,4029,34
2026-02-11T09:00:00Z,4036,4036,4036,4036,1
2026-02-11T09:01:00Z,4036,4036,4036,4036,15
2026-02-11T09:02:00Z,4038,4038,4038,4038,1
2026-02-11T09:12:00Z,4037,4037,4037,4037,1
2026-02-11T09:31:00Z,4042,4042,4042,4042,1
2026-02-11T09:47:00Z,4050,4050,4050,4050,1
2026-02-11T09:56:00Z,4049,4049,4049,4049,1
2026-02-11T14:20:00Z,4056,4056,4056,4056,1
2026-02-11T14:50:00Z,4044,4044,4044,4044,1
2026-02-11T14:52:00Z,4043,4043,4043,4043,1
2026-02-11T14:58:00Z,4048,4051,4048,4051,7
2026-02-11T14:59:00Z,4052,4052,4052,4052,1
2026-02-12T02:50:00Z,4040,4040,4040,4040,3
2026-02-12T02:51:00Z,4040,4040,4040,4040,10
2026-02-12T02:53:00Z,4039,4039,4039,4039,23
2026-02-12T02:54:00Z,4038,4038,4038,4038,9
2026-02-12T02:55:00Z,4038,4038,4038,4038,8
2026-02-12T03:01:00Z,4037,4037,4037,4037,7
2026-02-12T03:02:00Z,4037,4037,4037,4037,6
2026-02-12T03:07:00Z,4030,4031,4030,4031,13
2026-02-12T03:08:00Z,4031,4031,4031,4031,5
2026-02-12T03:11:00Z,4030,4030,4029,4030,12
2026-02-12T04:17:00Z,4017,4017,4017,4017,1
2026-02-12T07:25:00Z,4014,4015,4014,4015,3
2026-02-12T09:12:00Z,4015,4015,4015,4015,1
2026-02-12T09:44:00Z,4007,4007,4007,4007,1
2026-02-12T09:50:00Z,4006,4006,4005,4005,2
2026-02-12T09:56:00Z,4020,4020,4020,4020,1
2026-02-12T14:32:00Z,4020,4021,4020,4021,2
2026-02-12T14:35:00Z,4016,4016,4016,4016,1
2026-02-12T14:37:00Z,4020,4020,4020,4020,1
2026-02-12T14:57:00Z,4016,4016,4016,4016,1
2026-02-13T03:06:00Z,3995,3995,3995,3995,1
2026-02-13T03:10:00Z,3991,3991,3991,3991,1
2026-02-13T07:07:00Z,3970,3970,3970,3970,2
2026-02-13T07:26:00Z,3970,3970,3970,3970,9
2026-02-13T07:27:00Z,3970,3970,3970,3970,3
2026-02-13T07:37:00Z,3970,3970,3970,3970,14
2026-02-13T07:38:00Z,3970,3970,3970,3970,1
2026-02-13T07:42:00Z,3970,3970,3970,3970,1
2026-02-13T07:43:00Z,3970,3970,3970,3970,2
2026-02-13T08:34:00Z,3999,3999,3999,3999,1
2026-02-13T09:43:00Z,4011,4012,4011,4012,7
2026-02-13T09:44:00Z,4010,4010,4007,4007,30
2026-02-13T09:46:00Z,4010,4010,4010,4010,6
2026-02-19T02:53:00Z,4040,4040,4040,4040,1
2026-02-19T03:01:00Z,4050,4050,4050,4050,1
2026-02-19T04:15:00Z,4067,4067,4067,4067,2
2026-02-19T04:16:00Z,4066,4066,4066,4066,1
2026-02-19T07:39:00Z,4075,4075,4075,4075,8
2026-02-19T07:44:00Z,4080,4080,4080,4080,2
2026-02-19T07:53:00Z,4077,4077,4077,4077,1
2026-02-19T07:56:00Z,4069,4069,4068,4068,2
2026-02-19T08:42:00Z,4085,4089,4085,4089,2
2026-02-19T08:50:00Z,4092,4092,4091,4091,2
2026-02-19T09:44:00Z,4109,4109,4109,4109,3
2026-02-19T09:45:00Z,4109,4109,4109,4109,2
2026-02-19T09:50:00Z,4109,4109,4109,4109,1
2026-02-19T09:51:00Z,4109,4109,4109,4109,13
2026-02-19T09:57:00Z,4112,4112,4112,4112,6
2026-02-19T09:58:00Z,4113,4113,4113,4113,11
2026-02-19T13:08:00Z,4107,4107,4107,4107,1
2026-02-19T13:09:00Z,4110,4110,4110,4110,1
2026-02-19T13:27:00Z,4106,4106,4106,4106,1
2026-02-19T13:29:00Z,4106,4106,4106,4106,1
2026-02-20T02:33:00Z,4119,4119,4119,4119,1
2026-02-20T02:45:00Z,4116,4116,4116,4116,9
2026-02-20T02:48:00Z,4118,4118,4118,4118,1
2026-02-20T02:49:00Z,4118,4118,4118,4118,20
2026-02-20T03:03:00Z,4126,4126,4126,4126,2
2026-02-20T03:06:00Z,4121,4121,4121,4121,8
2026-02-20T03:07:00Z,4121,4121,4121,4121,19
2026-02-20T03:11:00Z,4119,4119,4119,4119,13
2026-02-20T03:17:00Z,4120,4120,4120,4120,10
2026-02-20T03:18:00Z,4118,4118,4118,4118,1
2026-02-20T03:27:00Z,4105,4106,4105,4106,6
2026-02-20T03:28:00Z,4106,4106,4106,4106,4
2026-02-20T03:29:00Z,4107,4107,4107,4107,1
2026-02-20T03:32:00Z,4101,4101,4101,4101,3
2026-02-20T03:33:00Z,4100,4100,4100,4100,4
2026-02-20T03:36:00Z,4103,4103,4103,4103,4
2026-02-20T03:39:00Z,4104,4105,4104,4105,10
2026-02-20T03:40:00Z,4106,4106,4106,4106,4
2026-02-20T03:52:00Z,4107,4107,4107,4107,5
2026-02-20T04:00:00Z,4097,4097,4097,4097,1
2026-02-20T04:15:00Z,4101,4101,4101,4101,1
2026-02-20T04:28:00Z,4105,4105,4105,4105,3
2026-02-20T04:29:00Z,4105,4105,4105,4105,2
2026-02-20T08:02:00Z,4093,4093,4093,4093,2
2026-02-20T08:07:00Z,4093,4093,4093,4093,1
2026-02-20T08:08:00Z,4090,4090,4090,4090,1
2026-02-20T08:20:00Z,4087,4087,4087,4087,1
2026-02-20T08:32:00Z,4093,4093,4093,4093,1
2026-02-20T08:48:00Z,4098,4098,4098,4098,1
2026-02-20T09:56:00Z,4105,4108,4105,4108,3
2026-02-20T09:59:00Z,4108,4108,4108,4108,1
2026-02-23T02:31:00Z,4082,4082,4082,4082,1
2026-02-23T02:37:00Z,4080,4080,4080,4080,5
2026-02-23T02:55:00Z,4080,4080,4080,4080,1
2026-02-23T03:13:00Z,4080,4080,4079,4080,15
2026-02-23T03:14:00Z,4078,4078,4078,4078,1
2026-02-23T03:15:00Z,4080,4080,4080,4080,4
2026-02-23T03:16:00Z,4081,4081,4081,4081,5
2026-02-23T03:19:00Z,4078,4078,4078,4078,1
2026-02-23T03:21:00Z,4077,4077,4077,4077,1
2026-02-23T03:22:00Z,4077,4077,4077,4077,2
2026-02-23T03:31:00Z,4077,4077,4077,4077,5
2026-02-23T03:33:00Z,4077,4077,4075,4075,5
2026-02-23T03:39:00Z,4070,4070,4070,4070,2
2026-02-23T03:42:00Z,4071,4071,4070,4070,3
2026-02-23T03:46:00Z,4071,4071,4071,4071,4
2026-02-23T03:49:00Z,4068,4068,4068,4068,2
2026-02-23T03:50:00Z,4070,4070,4070,4070,1
2026-02-23T03:51:00Z,4068,4068,4068,4068,11
2026-02-23T03:52:00Z,4068,4068,4068,4068,1
2026-02-23T04:07:00Z,4070,4071,4070,4071,5
2026-02-23T04:08:00Z,4071,4072,4071,4072,5
2026-02-23T04:09:00Z,4072,4072,4072,4072,3
2026-02-23T04:12:00Z,4073,4075,4073,4075,12
2026-02-23T06:35:00Z,4081,4081,4080,4080,2
2026-02-23T07:09:00Z,4074,4074,4074,4074,1
2026-02-23T07:25:00Z,4065,4065,4065,4065,1
2026-02-23T07:26:00Z,4065,4065,4065,4065,2
2026-02-23T07:30:00Z,4066,4066,4066,4066,2
2026-02-23T07:35:00Z,4065,4065,4065,4065,1
2026-02-23T07:36:00Z,4065,4065,4065,4065,2
2026-02-23T07:37:00Z,4064,4064,4061,4061,3
2026-02-23T07:59:00Z,4072,4072,4072,4072,1
2026-02-23T08:39:00Z,4074,4075,4074,4075,3
2026-02-23T08:42:00Z,4074,4075,4074,4075,10
2026-02-23T08:43:00Z,4076,4076,4076,4076,1
2026-02-23T08:45:00Z,4079,4080,4079,4080,14
2026-02-23T08:48:00Z,4079,4079,4079,4079,2
2026-02-23T08:49:00Z,4079,4079,4078,4078,5
2026-02-23T08:51:00Z,4078,4078,4078,4078,3
2026-02-23T08:52:00Z,4076,4076,4076,4076,2
2026-02-23T08:53:00Z,4077,4077,4077,4077,9
2026-02-23T08:55:00Z,4076,4076,4076,4076,1
2026-02-23T09:00:00Z,4075,4075,4075,4075,2
2026-02-23T09:15:00Z,4080,4080,4080,4080,2
2026-02-23T09:16:00Z,4080,4080,4080,4080,3
2026-02-23T09:29:00Z,4085,4085,4085,4085,5
2026-02-23T09:30:00Z,4087,4092,4087,4092,77
2026-02-23T09:31:00Z,4092,4092,4092,4092,18
2026-02-23T09:49:00Z,4081,4081,4081,4081,1
2026-02-23T09:56:00Z,4072,4072,4070,4070,3
2026-02-23T09:57:00Z,4070,4070,4070,4070,2
2026-02-23T13:02:00Z,4075,4075,4075,4075,2
2026-02-23T13:12:00Z,4075,4075,4075,4075,3
2026-02-23T13:15:00Z,4076,4077,4076,4077,6
2026-02-23T13:16:00Z,4077,4078,4077,4078,5
2026-02-23T13:17:00Z,4078,4078,4078,4078,4
2026-02-23T13:20:00Z,4079,4080,4079,4080,10
2026-02-23T14:53:00Z,4099,4099,4099,4099,1
2026-02-23T14:59:00Z,4103,4103,4103,4103,1
2026-02-24T02:31:00Z,4084,4084,4084,4084,1
2026-02-24T02:32:00Z,4090,4092,4090,4090,11
2026-02-24T02:33:00Z,4092,4094,4092,4094,6
2026-02-24T02:34:00Z,4095,4095,4095,4095,5
2026-02-24T02:35:00Z,4086,4086,4086,4086,2
2026-02-24T03:05:00Z,4068,4068,4068,4068,2
2026-02-24T03:08:00Z,4060,4060,4060,4060,1
2026-02-24T03:09:00Z,4058,4058,4058,4058,1
2026-02-24T03:11:00Z,4058,4058,4057,4057,6
2026-02-24T03:12:00Z,4057,4057,4057,4057,1
2026-02-24T03:16:00Z,4057,4057,4057,4057,3
2026-02-24T03:33:00Z,4061,4061,4061,4061,1
2026-02-24T03:34:00Z,4061,4061,4061,4061,1
2026-02-24T03:45:00Z,4066,4066,4066,4066,2
2026-02-24T03:46:00Z,4066,4066,4066,4066,16
2026-02-24T03:47:00Z,4060,4060,4060,4060,2
2026-02-24T04:07:00Z,4061,4061,4061,4061,2
2026-02-24T04:14:00Z,4061,4061,4060,4060,10
2026-02-24T04:17:00Z,4060,4060,4060,4060,3
2026-02-24T04:18:00Z,4059,4059,4058,4058,10
2026-02-24T04:25:00Z,4058,4058,4058,4058,5
2026-02-24T04:27:00Z,4058,4058,4058,4058,4
2026-02-24T04:29:00Z,4057,4057,4057,4057,5
2026-02-24T06:57:00Z,4056,4056,4056,4056,1
2026-02-24T06:59:00Z,4056,4056,4056,4056,2
2026-02-24T07:00:00Z,4056,4056,4053,4054,15
2026-02-24T07:01:00Z,4053,4053,4053,4053,3
2026-02-24T07:02:00Z,4053,4053,4053,4053,2
2026-02-24T07:04:00Z,4052,4052,4052,4052,6
2026-02-24T07:05:00Z,4051,4051,4049,4049,28
2026-02-24T07:13:00Z,4057,4057,4057,4057,2
2026-02-24T07:16:00Z,4063,4063,4063,4063,2
2026-02-24T07:32:00Z,4067,4067,4065,4066,12
2026-02-24T07:34:00Z,4064,4066,4064,4066,5
2026-02-24T07:35:00Z,4067,4067,4067,4067,1
2026-02-24T07:45:00Z,4071,4072,4071,4072,8
2026-02-24T07:49:00Z,4072,4072,4072,4072,4
2026-02-24T07:50:00Z,4071,4072,4071,4072,14
2026-02-24T07:51:00Z,4070,4070,4070,4070,8
2026-02-24T07:52:00Z,4072,4072,4070,4070,34
2026-02-24T07:53:00Z,4070,4070,4069,4069,10
2026-02-24T07:54:00Z,4069,4070,4069,4070,6
2026-02-24T07:56:00Z,4072,4072,4072,4072,15
2026-02-24T08:02:00Z,4070,4070,4070,4070,1
2026-02-24T08:03:00Z,4071,4071,4071,4071,5
2026-02-24T08:14:00Z,4070,4070,4070,4070,1
2026-02-24T08:15:00Z,4070,4070,4070,4070,1
2026-02-24T08:19:00Z,4070,4070,4070,4070,3
2026-02-24T08:28:00Z,4072,4072,4072,4072,1
2026-02-24T08:31:00Z,4071,4073,4071,4073,26
2026-02-24T08:42:00Z,4070,4072,4070,4072,31
2026-02-24T08:45:00Z,4070,4070,4069,4070,20
2026-02-24T08:47:00Z,4071,4072,4071,4072,51
2026-02-24T08:48:00Z,4070,4070,4070,4070,1
2026-02-24T08:52:00Z,4070,4070,4070,4070,7
2026-02-24T08:53:00Z,4070,4070,4070,4070,6
2026-02-24T08:54:00Z,4071,4071,4071,4071,14
2026-02-24T08:55:00Z,4072,4072,4072,4072,9
2026-02-24T08:57:00Z,4070,4070,4070,4070,6
2026-02-24T08:58:00Z,4070,4070,4070,4070,3
2026-02-24T09:00:00Z,4070,4070,4070,4070,15
2026-02-24T09:02:00Z,4070,4070,4070,4070,2
2026-02-24T09:03:00Z,4070,4070,4070,4070,8
2026-02-24T09:05:00Z,4071,4071,4071,4071,2
2026-02-24T09:10:00Z,4070,4070,4070,4070,2
2026-02-24T09:11:00Z,4070,4070,4069,4069,18
2026-02-24T09:12:00Z,4070,4070,4070,4070,7
2026-02-24T09:13:00Z,4070,4070,4070,4070,6
2026-02-24T09:14:00Z,4070,4070,4070,4070,8
2026-02-24T09:15:00Z,4070,4070,4070,4070,13
2026-02-24T09:16:00Z,4070,4070,4070,4070,7
2026-02-24T09:17:00Z,4070,4070,4068,4070,7
2026-02-24T09:18:00Z,4070,4070,4070,4070,7
2026-02-24T09:19:00Z,4070,4070,4070,4070,3
2026-02-24T09:28:00Z,4068,4068,4068,4068,1
2026-02-24T09:29:00Z,4068,4068,4068,4068,4
2026-02-24T09:30:00Z,4068,4068,4068,4068,1
2026-02-24T09:31:00Z,4067,4068,4067,4068,16
2026-02-24T09:32:00Z,4068,4068,4068,4068,3
2026-02-24T09:33:00Z,4068,4068,4067,4067,20
2026-02-24T09:40:00Z,4069,4069,4068,4069,5
2026-02-24T09:41:00Z,4065,4065,4061,4061,24
2026-02-24T09:42:00Z,4062,4062,4062,4062,5
2026-02-24T09:43:00Z,4061,4061,4061,4061,1
2026-02-24T09:49:00Z,4063,4063,4063,4063,1
2026-02-24T09:51:00Z,4061,4061,4060,4060,4
2026-02-24T09:52:00Z,4063,4063,4063,4063,1
2026-02-24T09:57:00Z,4058,4058,4058,4058,2
2026-02-24T13:02:00Z,4047,4047,4047,4047,7
2026-02-24T14:16:00Z,4042,4042,4042,4042,1
2026-02-24T14:30:00Z,4048,4048,4048,4048,1
2026-02-24T14:31:00Z,4050,4050,4050,4050,1
2026-02-25T02:32:00Z,4070,4070,4070,4070,2
2026-02-25T02:42:00Z,4077,4077,4077,4077,1
2026-02-25T02:46:00Z,4070,4070,4070,4070,4
2026-02-25T02:54:00Z,4074,4075,4074,4075,11
2026-02-25T03:29:00Z,4070,4070,4070,4070,9
2026-02-25T03:31:00Z,4070,4070,4069,4069,3
2026-02-25T03:32:00Z,4069,4069,4068,4068,18
2026-02-25T03:33:00Z,4067,4068,4066,4068,6
2026-02-25T03:34:00Z,4064,4064,4064,4064,2
2026-02-25T03:35:00Z,4064,4064,4063,4063,14
2026-02-25T03:45:00Z,4064,4064,4064,4064,1
2026-02-25T04:10:00Z,4063,4063,4063,4063,4
2026-02-25T04:12:00Z,4064,4064,4064,4064,5
2026-02-25T04:15:00Z,4065,4065,4065,4065,5
2026-02-25T04:17:00Z,4068,4068,4068,4068,5
2026-02-25T04:24:00Z,4066,4066,4065,4065,3
2026-02-25T04:25:00Z,4065,4065,4065,4065,1
2026-02-25T04:26:00Z,4066,4066,4066,4066,1
2026-02-25T04:28:00Z,4066,4066,4066,4066,2
2026-02-25T07:41:00Z,4061,4061,4061,4061,3
2026-02-25T07:42:00Z,4056,4056,4056,4056,1
2026-02-25T07:45:00Z,4056,4056,4056,4056,1
2026-02-25T07:52:00Z,4050,4050,4050,4050,1
2026-02-25T08:01:00Z,4049,4049,4049,4049,2
2026-02-25T08:05:00Z,4049,4050,4048,4048,5
2026-02-25T08:24:00Z,4048,4048,4048,4048,5
2026-02-25T08:53:00Z,4048,4048,4047,4047,2
2026-02-25T09:08:00Z,4047,4047,4047,4047,5
2026-02-25T14:34:00Z,4041,4042,4031,4031,12
2026-02-26T02:34:00Z,4036,4036,4036,4036,3
2026-02-26T02:38:00Z,4038,4039,4038,4039,6
2026-02-26T02:40:00Z,4040,4041,4038,4041,14
2026-02-26T02:41:00Z,4039,4039,4039,4039,9
2026-02-26T02:42:00Z,4039,4039,4036,4036,16
2026-02-26T02:43:00Z,4036,4036,4036,4036,2
2026-02-26T02:47:00Z,4044,4044,4044,4044,15
2026-02-26T02:56:00Z,4035,4035,4035,4035,1
2026-02-26T03:02:00Z,4035,4035,4035,4035,4
2026-02-26T03:08:00Z,4037,4037,4037,4037,2
2026-02-26T03:12:00Z,4034,4034,4034,4034,5
2026-02-26T03:15:00Z,4033,4033,4032,4032,7
2026-02-26T03:21:00Z,4032,4032,4032,4032,3
2026-02-26T03:26:00Z,4031,4031,4031,4031,5
2026-02-26T03:27:00Z,4030,4030,4030,4030,2
2026-02-26T03:28:00Z,4030,4030,4030,4030,3
2026-02-26T06:37:00Z,4023,4023,4023,4023,1
2026-02-26T06:52:00Z,4019,4019,4019,4019,1
2026-02-26T06:55:00Z,4027,4027,4027,4027,1
2026-02-26T06:57:00Z,4027,4028,4027,4028,5
2026-02-26T07:00:00Z,4030,4030,4030,4030,1
2026-02-26T07:02:00Z,4031,4031,4031,4031,2
2026-02-26T07:23:00Z,4033,4034,4033,4034,3
2026-02-26T08:12:00Z,4024,4024,4024,4024,1
2026-02-26T08:27:00Z,4024,4024,4024,4024,1
2026-02-26T09:42:00Z,4006,4006,4006,4006,1
2026-02-26T09:51:00Z,4010,4010,4010,4010,2
2026-02-26T13:36:00Z,4034,4034,4034,4034,4
2026-02-26T13:40:00Z,4038,4038,4038,4038,1
2026-02-26T14:21:00Z,4048,4048,4048,4048,1
2026-02-27T02:37:00Z,4018,4018,4018,4018,1
2026-02-27T02:40:00Z,4024,4024,4024,4024,8
2026-02-27T02:45:00Z,4020,4020,4019,4019,12
2026-02-27T02:47:00Z,4018,4020,4018,4020,12
2026-02-27T02:48:00Z,4022,4022,4022,4022,5
2026-02-27T02:49:00Z,4022,4022,4022,4022,5
2026-02-27T02:53:00Z,4018,4018,4018,4018,5
2026-02-27T03:31:00Z,4019,4019,4019,4019,5
2026-02-27T03:40:00Z,4023,4023,4023,4023,6
2026-02-27T03:43:00Z,4027,4028,4027,4028,6
2026-02-27T03:48:00Z,4021,4021,4021,4021,1
2026-02-27T04:23:00Z,4025,4025,4025,4025,4
2026-02-27T06:47:00Z,4033,4033,4033,4033,10
2026-02-27T06:48:00Z,4035,4037,4035,4037,9
2026-02-27T06:52:00Z,4037,4037,4037,4037,3
2026-02-27T06:53:00Z,4037,4037,4037,4037,2
2026-02-27T06:54:00Z,4036,4036,4036,4036,1
2026-02-27T06:55:00Z,4037,4037,4037,4037,1
2026-02-27T08:16:00Z,4037,4037,4037,4037,19
2026-02-27T08:22:00Z,4040,4040,4040,4040,5
2026-02-27T08:34:00Z,4028,4028,4027,4027,4
2026-02-27T08:36:00Z,4025,4025,4025,4025,4
2026-02-27T09:39:00Z,4039,4039,4031,4031,11
2026-02-27T09:40:00Z,4031,4031,4031,4031,1
2026-02-27T09:57:00Z,4033,4033,4033,4033,1
2026-03-02T02:46:00Z,4068,4068,4068,4068,1
2026-03-02T02:52:00Z,4070,4070,4070,4070,5
2026-03-02T02:53:00Z,4071,4071,4071,4071,1
2026-03-02T03:12:00Z,4071,4071,4071,4071,6
2026-03-02T03:13:00Z,4071,4071,4071,4071,9
2026-03-02T03:21:00Z,4084,4084,4084,4084,1
2026-03-02T07:25:00Z,4106,4106,4106,4106,1
2026-03-02T07:31:00Z,4114,4114,4114,4114,1
2026-03-02T07:34:00Z,4111,4111,4111,4111,19
2026-03-02T08:05:00Z,4123,4123,4123,4123,2
2026-03-02T09:24:00Z,4140,4140,4140,4140,1
2026-03-02T09:37:00Z,4118,4118,4118,4118,1
2026-03-02T09:47:00Z,4125,4125,4125,4125,1
2026-03-02T09:56:00Z,4139,4139,4139,4139,2
2026-03-02T13:14:00Z,4150,4150,4150,4150,10
2026-03-02T13:30:00Z,4143,4143,4143,4143,1
2026-03-02T14:39:00Z,4134,4134,4134,4134,1
2026-03-02T14:40:00Z,4138,4138,4138,4138,5
2026-03-02T14:41:00Z,4138,4138,4138,4138,5
2026-03-03T02:47:00Z,4140,4140,4140,4140,3
2026-03-03T02:51:00Z,4144,4144,4144,4144,5
2026-03-03T02:54:00Z,4149,4149,4149,4149,1
2026-03-03T02:59:00Z,4145,4145,4145,4145,4
2026-03-03T03:04:00Z,4151,4151,4151,4151,1
2026-03-03T03:06:00Z,4145,4145,4145,4145,12
2026-03-03T03:07:00Z,4142,4142,4142,4142,2
2026-03-03T03:10:00Z,4141,4141,4141,4141,2
2026-03-03T03:17:00Z,4141,4141,4141,4141,4
2026-03-03T03:44:00Z,4132,4132,4132,4132,1
2026-03-03T03:55:00Z,4142,4142,4142,4142,1
2026-03-03T06:53:00Z,4151,4151,4151,4151,1
2026-03-03T06:59:00Z,4152,4152,4152,4152,2
2026-03-03T07:00:00Z,4152,4152,4152,4152,1
2026-03-03T08:10:00Z,4154,4154,4154,4154,2
2026-03-03T08:12:00Z,4160,4160,4160,4160,5
2026-03-03T08:17:00Z,4160,4160,4160,4160,5
2026-03-03T08:21:00Z,4160,4160,4160,4160,1
2026-03-03T08:29:00Z,4160,4160,4160,4160,2
2026-03-03T08:36:00Z,4164,4164,4164,4164,1
2026-03-03T08:47:00Z,4164,4165,4164,4164,5
2026-03-03T08:49:00Z,4167,4167,4166,4167,4
2026-03-03T08:50:00Z,4166,4166,4166,4166,1
2026-03-03T09:50:00Z,4173,4173,4173,4173,1
2026-03-03T09:54:00Z,4175,4175,4175,4175,10
2026-03-03T09:55:00Z,4176,4176,4176,4176,1
2026-03-03T13:01:00Z,4180,4180,4180,4180,1
2026-03-03T14:09:00Z,4185,4185,4185,4185,1
2026-03-03T14:40:00Z,4180,4180,4180,4180,3
2026-03-03T14:55:00Z,4172,4172,4172,4172,4
2026-03-04T02:30:00Z,4175,4175,4175,4175,1
2026-03-04T02:35:00Z,4148,4148,4148,4148,1
2026-03-04T02:50:00Z,4151,4151,4151,4151,1
2026-03-04T02:56:00Z,4148,4149,4148,4149,14
2026-03-04T03:30:00Z,4150,4150,4150,4150,1
2026-03-04T03:45:00Z,4149,4149,4149,4149,3
2026-03-04T04:07:00Z,4152,4152,4152,4152,1
2026-03-04T04:09:00Z,4152,4152,4152,4152,2
2026-03-04T06:32:00Z,4163,4163,4163,4163,1
2026-03-04T07:00:00Z,4174,4175,4174,4174,5
2026-03-04T07:26:00Z,4179,4179,4179,4179,1
2026-03-04T07:29:00Z,4179,4179,4179,4179,20
2026-03-04T07:30:00Z,4179,4183,4179,4183,10
2026-03-04T08:22:00Z,4166,4166,4166,4166,1
2026-03-04T14:55:00Z,4152,4152,4152,4152,1
2026-03-04T14:56:00Z,4149,4149,4149,4149,2
2026-03-05T03:06:00Z,4166,4166,4166,4166,4
2026-03-05T03:11:00Z,4165,4165,4165,4165,1
2026-03-05T03:38:00Z,4172,4172,4172,4172,1
2026-03-05T03:41:00Z,4175,4175,4175,4175,1
2026-03-05T03:58:00Z,4181,4181,4181,4181,1
2026-03-05T03:59:00Z,4182,4182,4182,4182,1
2026-03-05T04:01:00Z,4188,4188,4188,4188,1
2026-03-05T04:02:00Z,4187,4187,4187,4187,1
2026-03-05T04:03:00Z,4191,4191,4190,4190,2
2026-03-05T04:07:00Z,4196,4196,4196,4196,1
2026-03-05T04:08:00Z,4196,4197,4196,4197,2
2026-03-05T04:17:00Z,4207,4209,4207,4209,2
2026-03-05T04:19:00Z,4209,4209,4209,4209,2
2026-03-05T04:24:00Z,4210,4210,4210,4210,1
2026-03-05T04:25:00Z,4207,4207,4207,4207,1
2026-03-05T06:35:00Z,4211,4211,4211,4211,2
2026-03-05T06:36:00Z,4212,4212,4212,4212,2
2026-03-05T07:21:00Z,4225,4225,4224,4224,4
2026-03-05T07:26:00Z,4225,4225,4224,4224,21
2026-03-05T07:27:00Z,4225,4225,4225,4225,5
2026-03-05T07:28:00Z,4227,4228,4227,4228,3
2026-03-05T07:29:00Z,4228,4228,4228,4228,3
2026-03-05T08:33:00Z,4231,4234,4231,4234,3
2026-03-05T08:54:00Z,4242,4243,4242,4243,4
2026-03-05T09:05:00Z,4244,4244,4244,4244,1
2026-03-05T09:06:00Z,4243,4243,4243,4243,2
2026-03-05T09:07:00Z,4242,4244,4242,4242,5
2026-03-05T09:08:00Z,4242,4242,4241,4242,15
2026-03-05T09:09:00Z,4241,4241,4239,4239,20
2026-03-05T09:11:00Z,4222,4222,4222,4222,1
2026-03-05T09:13:00Z,4205,4208,4205,4208,2
2026-03-05T09:25:00Z,4189,4190,4189,4190,25
2026-03-05T09:29:00Z,4171,4171,4165,4165,2
2026-03-05T13:01:00Z,4199,4199,4198,4198,6
2026-03-05T13:02:00Z,4199,4199,4189,4189,36
2026-03-05T13:03:00Z,4187,4187,4185,4186,16
2026-03-05T13:05:00Z,4179,4179,4179,4179,14
2026-03-05T13:15:00Z,4186,4186,4186,4186,1
2026-03-05T13:25:00Z,4185,4185,4185,4185,1
2026-03-05T14:05:00Z,4201,4202,4201,4202,6
2026-03-05T14:48:00Z,4213,4213,4213,4213,1
2026-03-05T14:49:00Z,4215,4215,4215,4215,1
2026-03-05T14:55:00Z,4219,4219,4219,4219,1
2026-03-05T14:59:00Z,4217,4217,4217,4217,1
2026-03-06T02:30:00Z,4216,4216,4216,4216,1
2026-03-06T02:31:00Z,4220,4220,4220,4220,1
2026-03-06T02:34:00Z,4230,4230,4230,4230,1
2026-03-06T02:41:00Z,4209,4209,4208,4208,3
2026-03-06T02:44:00Z,4208,4208,4208,4208,2
2026-03-06T02:49:00Z,4213,4213,4213,4213,2
2026-03-06T02:58:00Z,4216,4216,4216,4216,2
2026-03-06T02:59:00Z,4219,4219,4219,4219,3
2026-03-06T03:01:00Z,4219,4219,4219,4219,1
2026-03-06T03:03:00Z,4219,4219,4219,4219,1
2026-03-06T03:10:00Z,4214,4214,4214,4214,6
2026-03-06T03:11:00Z,4214,4214,4214,4214,3
2026-03-06T03:16:00Z,4220,4223,4220,4223,4
2026-03-06T03:19:00Z,4221,4221,4221,4221,1
2026-03-06T03:20:00Z,4220,4220,4219,4219,2
2026-03-06T03:22:00Z,4217,4219,4217,4219,14
2026-03-06T03:26:00Z,4214,4214,4214,4214,1
2026-03-06T03:30:00Z,4202,4202,4202,4202,35
2026-03-06T03:31:00Z,4201,4202,4201,4202,7
2026-03-06T03:33:00Z,4210,4210,4208,4208,14
2026-03-06T03:40:00Z,4209,4209,4209,4209,3
2026-03-06T03:42:00Z,4203,4203,4203,4203,8
2026-03-06T03:43:00Z,4203,4203,4203,4203,1
2026-03-06T03:44:00Z,4203,4203,4203,4203,11
2026-03-06T03:47:00Z,4203,4203,4203,4203,10
2026-03-06T03:48:00Z,4203,4203,4203,4203,12
2026-03-06T03:49:00Z,4203,4203,4203,4203,25
2026-03-06T03:57:00Z,4211,4212,4211,4212,4
2026-03-06T03:58:00Z,4212,4212,4210,4210,3
2026-03-06T04:24:00Z,4214,4214,4212,4212,8
2026-03-06T04:25:00Z,4212,4212,4212,4212,2
2026-03-06T04:27:00Z,4213,4216,4213,4216,38
2026-03-06T04:28:00Z,4214,4214,4214,4214,1
2026-03-06T06:33:00Z,4228,4228,4228,4228,2
2026-03-06T06:46:00Z,4236,4236,4236,4236,1
2026-03-06T06:47:00Z,4239,4239,4239,4239,1
2026-03-06T06:51:00Z,4240,4240,4239,4239,5
2026-03-06T07:07:00Z,4238,4238,4236,4236,10
2026-03-06T07:11:00Z,4236,4236,4236,4236,10
2026-03-06T07:16:00Z,4238,4238,4238,4238,2
2026-03-06T07:17:00Z,4237,4237,4237,4237,4
2026-03-06T07:22:00Z,4239,4239,4239,4239,9
2026-03-06T07:25:00Z,4239,4240,4239,4240,3
2026-03-06T07:26:00Z,4239,4239,4239,4239,2
2026-03-06T07:37:00Z,4235,4235,4234,4234,12
2026-03-06T07:39:00Z,4235,4235,4235,4235,1
2026-03-06T07:41:00Z,4235,4235,4233,4233,3
2026-03-06T07:42:00Z,4235,4235,4235,4235,24
2026-03-06T07:45:00Z,4234,4234,4233,4233,4
2026-03-06T07:46:00Z,4232,4232,4232,4232,1
2026-03-06T07:59:00Z,4235,4235,4235,4235,1
2026-03-06T08:00:00Z,4235,4235,4235,4235,1
2026-03-06T08:01:00Z,4234,4234,4234,4234,1
2026-03-06T08:09:00Z,4235,4235,4234,4235,61
2026-03-06T08:24:00Z,4242,4242,4242,4242,2
2026-03-06T08:25:00Z,4241,4241,4241,4241,1
2026-03-06T08:26:00Z,4243,4244,4242,4243,6
2026-03-06T08:27:00Z,4243,4244,4243,4244,19
2026-03-06T08:28:00Z,4245,4250,4245,4249,24
2026-03-06T08:29:00Z,4252,4253,4252,4253,4
2026-03-06T08:32:00Z,4263,4266,4263,4266,41
2026-03-06T08:33:00Z,4266,4266,4263,4265,44
2026-03-06T08:34:00Z,4261,4261,4261,4261,8
2026-03-06T08:35:00Z,4261,4262,4261,4262,40
2026-03-06T09:10:00Z,4275,4275,4275,4275,1
2026-03-06T09:16:00Z,4277,4277,4277,4277,1
2026-03-06T09:17:00Z,4277,4278,4277,4278,3
2026-03-06T09:18:00Z,4277,4277,4277,4277,3
2026-03-06T09:38:00Z,4272,4272,4272,4272,1
2026-03-06T09:39:00Z,4272,4272,4270,4271,12
2026-03-06T09:40:00Z,4279,4279,4279,4279,1
2026-03-06T09:41:00Z,4279,4279,4279,4279,4
2026-03-06T09:42:00Z,4278,4278,4278,4278,1
2026-03-06T09:45:00Z,4286,4286,4286,4286,4
2026-03-06T09:47:00Z,4295,4295,4295,4295,1
2026-03-06T09:56:00Z,4296,4296,4296,4296,1
2026-03-06T09:57:00Z,4299,4301,4299,4301,14
2026-03-06T09:59:00Z,4300,4300,4300,4300,1
2026-03-09T02:32:00Z,4646,4646,4604,4604,3
2026-03-09T02:35:00Z,4532,4532,4532,4532,1
2026-03-09T02:36:00Z,4594,4594,4594,4594,1
2026-03-09T02:41:00Z,4570,4570,4570,4570,2
2026-03-09T02:44:00Z,4567,4567,4563,4563,5
2026-03-09T02:45:00Z,4561,4565,4561,4565,10
2026-03-09T02:46:00Z,4568,4568,4564,4565,4
2026-03-09T02:47:00Z,4569,4575,4567,4575,5
2026-03-09T02:48:00Z,4583,4583,4583,4583,1
2026-03-09T02:53:00Z,4584,4584,4584,4584,4
2026-03-09T03:02:00Z,4575,4575,4575,4575,1
2026-03-09T03:07:00Z,4591,4591,4591,4591,7
2026-03-09T03:18:00Z,4512,4512,4512,4512,1
2026-03-09T03:19:00Z,4515,4518,4515,4518,15
2026-03-09T03:24:00Z,4471,4472,4461,4461,63
2026-03-09T03:25:00Z,4457,4457,4457,4457,1
2026-03-09T03:27:00Z,4446,4446,4446,4446,1
2026-03-09T03:29:00Z,4445,4445,4430,4430,2
2026-03-09T03:30:00Z,4427,4432,4426,4432,4
2026-03-09T03:31:00Z,4439,4439,4439,4439,1
2026-03-09T03:33:00Z,4435,4435,4435,4435,1
2026-03-09T03:34:00Z,4436,4436,4409,4409,5
2026-03-09T03:43:00Z,4470,4470,4470,4470,2
2026-03-09T04:28:00Z,4465,4465,4465,4465,6
2026-03-09T06:31:00Z,4398,4398,4398,4398,1
2026-03-09T06:34:00Z,4403,4403,4399,4399,40
2026-03-09T06:42:00Z,4399,4399,4399,4399,1
2026-03-09T06:48:00Z,4411,4411,4411,4411,2
2026-03-09T06:49:00Z,4429,4429,4429,4429,1
2026-03-09T06:52:00Z,4424,4424,4424,4424,2
2026-03-09T06:56:00Z,4388,4388,4388,4388,1
2026-03-09T07:09:00Z,4390,4390,4390,4390,1
2026-03-09T07:25:00Z,4410,4410,4408,4408,21
2026-03-09T07:26:00Z,4385,4389,4385,4389,4
2026-03-09T07:27:00Z,4392,4392,4391,4391,10
2026-03-09T07:28:00Z,4392,4392,4392,4392,1
2026-03-09T07:29:00Z,4397,4397,4396,4396,10
2026-03-09T07:38:00Z,4380,4380,4378,4378,2
2026-03-09T07:55:00Z,4394,4397,4394,4397,6
2026-03-09T08:05:00Z,4400,4400,4400,4400,2
2026-03-09T08:16:00Z,4393,4393,4391,4391,5
2026-03-09T08:17:00Z,4395,4395,4395,4395,1
2026-03-09T08:18:00Z,4394,4394,4393,4393,2
2026-03-09T08:20:00Z,4385,4385,4385,4385,2
2026-03-09T08:23:00Z,4396,4396,4395,4395,2
2026-03-09T08:29:00Z,4399,4399,4399,4399,3
2026-03-09T08:42:00Z,4401,4401,4401,4401,1
2026-03-09T09:09:00Z,4429,4429,4429,4429,1
2026-03-09T09:25:00Z,4389,4389,4389,4389,1
2026-03-09T09:28:00Z,4386,4386,4381,4381,15
2026-03-09T09:32:00Z,4377,4377,4377,4377,1
2026-03-09T09:35:00Z,4371,4371,4370,4370,15
2026-03-09T09:36:00Z,4371,4371,4366,4366,5
2026-03-09T09:37:00Z,4371,4371,4371,4371,4
2026-03-09T09:38:00Z,4371,4371,4364,4364,8
2026-03-09T09:39:00Z,4362,4362,4358,4358,42
2026-03-09T09:41:00Z,4359,4359,4358,4358,4
2026-03-09T09:45:00Z,4354,4354,4354,4354,2
2026-03-09T09:47:00Z,4362,4362,4362,4362,1
2026-03-09T09:56:00Z,4374,4374,4374,4374,1
2026-03-09T13:00:00Z,4365,4368,4359,4359,5
2026-03-09T13:09:00Z,4338,4339,4338,4339,2
2026-03-09T13:51:00Z,4380,4393,4380,4393,2
2026-03-09T14:00:00Z,4376,4376,4376,4376,2
2026-03-09T14:07:00Z,4390,4390,4390,4390,1
2026-03-09T14:44:00Z,4390,4390,4389,4389,2
2026-03-09T14:50:00Z,4359,4359,4357,4357,2
2026-03-09T14:51:00Z,4351,4351,4346,4346,6
2026-03-09T14:52:00Z,4343,4343,4343,4343,1
2026-03-09T14:57:00Z,4393,4393,4393,4393,1
2026-03-10T02:30:00Z,4272,4290,4272,4290,2
2026-03-10T02:31:00Z,4294,4294,4281,4281,4
2026-03-10T02:33:00Z,4300,4300,4300,4300,2
2026-03-10T02:37:00Z,4245,4245,4245,4245,1
2026-03-10T02:41:00Z,4253,4253,4253,4253,1
2026-03-10T02:42:00Z,4237,4239,4233,4239,21
2026-03-10T02:45:00Z,4245,4245,4245,4245,20
2026-03-10T02:46:00Z,4259,4259,4259,4259,1
2026-03-10T02:53:00Z,4275,4275,4275,4275,2
2026-03-10T02:55:00Z,4274,4274,4274,4274,2
2026-03-10T02:56:00Z,4274,4274,4274,4274,1
2026-03-10T02:57:00Z,4269,4269,4269,4269,2
2026-03-10T03:27:00Z,4314,4325,4314,4325,21
2026-03-10T03:36:00Z,4333,4333,4333,4333,1
2026-03-10T03:37:00Z,4330,4330,4330,4330,20
2026-03-10T03:38:00Z,4333,4333,4333,4333,1
2026-03-10T03:57:00Z,4336,4337,4336,4337,5
2026-03-10T03:59:00Z,4340,4341,4340,4341,2
2026-03-10T04:14:00Z,4345,4345,4345,4345,11
2026-03-10T04:15:00Z,4345,4345,4345,4345,2
2026-03-10T04:16:00Z,4345,4345,4345,4345,5
2026-03-10T06:30:00Z,4322,4322,4322,4322,1
2026-03-10T06:32:00Z,4315,4315,4315,4315,6
2026-03-10T06:33:00Z,4315,4315,4315,4315,1
2026-03-10T06:36:00Z,4316,4316,4316,4316,2
2026-03-10T06:38:00Z,4314,4314,4314,4314,1
2026-03-10T06:40:00Z,4313,4314,4313,4314,3
2026-03-10T06:49:00Z,4310,4310,4310,4310,1
2026-03-10T06:55:00Z,4308,4308,4308,4308,1
2026-03-10T07:03:00Z,4300,4300,4300,4300,14
2026-03-10T07:08:00Z,4300,4300,4300,4300,26
2026-03-10T07:11:00Z,4309,4312,4309,4312,18
2026-03-10T07:16:00Z,4307,4310,4307,4310,18
2026-03-10T07:25:00Z,4293,4293,4293,4293,1
2026-03-10T07:33:00Z,4308,4308,4308,4308,2
2026-03-10T07:34:00Z,4302,4302,4302,4302,2
2026-03-10T07:37:00Z,4302,4304,4302,4304,5
2026-03-10T07:46:00Z,4293,4293,4293,4293,1
2026-03-10T07:51:00Z,4307,4307,4307,4307,2
2026-03-10T08:19:00Z,4310,4310,4308,4308,11
2026-03-10T08:27:00Z,4309,4310,4309,4310,11
2026-03-10T08:32:00Z,4310,4310,4310,4310,6
2026-03-10T09:42:00Z,4290,4290,4290,4290,1
2026-03-10T13:17:00Z,4300,4300,4300,4300,1
2026-03-10T13:19:00Z,4300,4300,4300,4300,2
2026-03-10T13:25:00Z,4292,4292,4292,4292,1
2026-03-10T13:32:00Z,4287,4287,4287,4287,1
2026-03-10T13:38:00Z,4288,4289,4288,4289,7
2026-03-10T14:00:00Z,4291,4292,4291,4292,4
2026-03-10T14:01:00Z,4296,4299,4296,4299,8
2026-03-10T14:05:00Z,4300,4300,4300,4300,2
2026-03-10T14:30:00Z,4280,4280,4280,4280,17
2026-03-10T14:32:00Z,4280,4280,4280,4280,6
2026-03-10T14:35:00Z,4283,4283,4283,4283,3
2026-03-10T14:36:00Z,4280,4280,4280,4280,17
2026-03-10T14:42:00Z,4269,4269,4269,4269,2
2026-03-10T14:43:00Z,4277,4277,4277,4277,2
2026-03-10T14:48:00Z,4278,4278,4276,4276,2
2026-03-10T14:51:00Z,4274,4274,4274,4274,1
2026-03-10T14:52:00Z,4272,4273,4272,4273,6
2026-03-10T14:53:00Z,4268,4268,4266,4266,2
2026-03-11T02:31:00Z,4298,4298,4297,4297,2
2026-03-11T02:48:00Z,4282,4282,4282,4282,2
2026-03-11T02:52:00Z,4302,4302,4302,4302,2
2026-03-11T03:00:00Z,4296,4301,4296,4301,38
2026-03-11T03:07:00Z,4305,4305,4305,4305,1
2026-03-11T03:10:00Z,4307,4307,4307,4307,2
2026-03-11T03:12:00Z,4305,4305,4305,4305,1
2026-03-11T03:31:00Z,4306,4306,4306,4306,2
2026-03-11T03:35:00Z,4307,4307,4307,4307,5
2026-03-11T04:10:00Z,4298,4298,4298,4298,1
2026-03-11T06:31:00Z,4320,4320,4320,4320,24
2026-03-11T06:32:00Z,4316,4316,4315,4315,12
2026-03-11T06:34:00Z,4317,4317,4317,4317,1
2026-03-11T07:39:00Z,4325,4325,4325,4325,2
2026-03-11T07:41:00Z,4324,4324,4324,4324,1
2026-03-11T07:45:00Z,4319,4319,4319,4319,4
2026-03-11T08:02:00Z,4325,4325,4325,4325,26
2026-03-11T08:04:00Z,4329,4329,4329,4329,4
2026-03-11T08:11:00Z,4324,4324,4324,4324,1
2026-03-11T08:14:00Z,4318,4318,4317,4318,5
2026-03-11T08:17:00Z,4319,4319,4317,4317,3
2026-03-11T08:20:00Z,4315,4315,4315,4315,1
2026-03-11T09:08:00Z,4322,4322,4322,4322,2
2026-03-11T09:10:00Z,4317,4317,4316,4316,7
2026-03-11T09:22:00Z,4330,4333,4330,4333,38
2026-03-11T09:23:00Z,4330,4330,4330,4330,1
2026-03-11T09:27:00Z,4330,4330,4330,4330,1
2026-03-11T09:28:00Z,4333,4333,4333,4333,1
2026-03-11T09:31:00Z,4333,4333,4333,4333,1
2026-03-11T09:41:00Z,4335,4336,4335,4336,20
2026-03-11T13:02:00Z,4339,4339,4339,4339,1
2026-03-11T13:04:00Z,4339,4339,4339,4339,2
2026-03-11T13:11:00Z,4351,4351,4351,4351,1
2026-03-11T13:30:00Z,4345,4346,4345,4346,2
2026-03-11T13:39:00Z,4338,4338,4336,4336,2
2026-03-11T13:40:00Z,4333,4333,4333,4333,1
2026-03-11T13:46:00Z,4336,4336,4336,4336,2
2026-03-11T13:50:00Z,4339,4341,4339,4341,8
2026-03-11T13:51:00Z,4334,4334,4334,4334,2
2026-03-11T13:52:00Z,4331,4333,4331,4333,2
2026-03-11T13:53:00Z,4329,4329,4328,4328,6
2026-03-11T13:58:00Z,4329,4329,4329,4329,1
2026-03-11T14:13:00Z,4326,4326,4326,4326,1
2026-03-11T14:14:00Z,4326,4326,4326,4326,6
2026-03-11T14:18:00Z,4331,4331,4331,4331,1
2026-03-11T14:59:00Z,4348,4348,4348,4348,1
2026-03-12T02:30:00Z,4404,4404,4404,4404,2
2026-03-12T02:31:00Z,4373,4373,4373,4373,1
2026-03-12T02:32:00Z,4350,4350,4341,4341,8
2026-03-12T02:33:00Z,4356,4356,4349,4352,19
2026-03-12T02:34:00Z,4349,4349,4349,4349,1
2026-03-12T02:35:00Z,4348,4350,4348,4350,4
2026-03-12T02:36:00Z,4349,4349,4349,4349,2
2026-03-12T02:38:00Z,4356,4356,4354,4356,3
2026-03-12T02:39:00Z,4356,4356,4356,4356,15
2026-03-12T02:42:00Z,4346,4346,4346,4346,1
2026-03-12T02:43:00Z,4356,4360,4356,4358,7
2026-03-12T02:45:00Z,4348,4348,4348,4348,1
2026-03-12T02:51:00Z,4365,4365,4362,4362,2
2026-03-12T02:55:00Z,4360,4360,4355,4356,24
2026-03-12T03:00:00Z,4355,4355,4355,4355,2
2026-03-12T03:09:00Z,4363,4363,4363,4363,1
2026-03-12T03:17:00Z,4362,4362,4362,4362,1
2026-03-12T03:19:00Z,4361,4361,4361,4361,1
2026-03-12T03:21:00Z,4370,4370,4370,4370,1
2026-03-12T03:22:00Z,4368,4368,4368,4368,1
2026-03-12T03:23:00Z,4365,4365,4365,4365,1
2026-03-12T03:24:00Z,4365,4365,4362,4362,2
2026-03-12T03:33:00Z,4366,4366,4366,4366,2
2026-03-12T03:34:00Z,4362,4362,4362,4362,3
2026-03-12T03:38:00Z,4371,4371,4371,4371,5
2026-03-12T03:39:00Z,4371,4371,4371,4371,7
2026-03-12T03:41:00Z,4370,4370,4370,4370,7
2026-03-12T03:46:00Z,4376,4378,4376,4378,13
2026-03-12T03:47:00Z,4375,4375,4375,4375,1
2026-03-12T03:51:00Z,4375,4375,4375,4375,7
2026-03-12T03:52:00Z,4376,4376,4375,4375,14
2026-03-12T03:53:00Z,4373,4373,4373,4373,4
2026-03-12T03:54:00Z,4376,4376,4376,4376,3
2026-03-12T03:57:00Z,4375,4375,4374,4374,13
2026-03-12T04:03:00Z,4373,4373,4373,4373,1
2026-03-12T04:04:00Z,4372,4372,4372,4372,5
2026-03-12T04:05:00Z,4372,4372,4372,4372,9
2026-03-12T04:06:00Z,4372,4372,4372,4372,6
2026-03-12T04:08:00Z,4373,4374,4373,4373,9
2026-03-12T04:09:00Z,4378,4378,4378,4378,1
2026-03-12T04:14:00Z,4378,4378,4378,4378,1
2026-03-12T04:15:00Z,4380,4381,4380,4381,5
2026-03-12T04:16:00Z,4381,4381,4381,4381,1
2026-03-12T04:22:00Z,4382,4382,4382,4382,5
2026-03-12T04:27:00Z,4382,4383,4380,4380,7
2026-03-12T04:28:00Z,4380,4382,4374,4374,80
2026-03-12T06:37:00Z,4383,4383,4383,4383,1
2026-03-12T06:38:00Z,4382,4387,4382,4387,11
2026-03-12T06:39:00Z,4376,4376,4376,4376,1
2026-03-12T06:40:00Z,4376,4393,4376,4385,8
2026-03-12T06:41:00Z,4386,4387,4386,4387,2
2026-03-12T06:44:00Z,4380,4380,4380,4380,1
2026-03-12T06:45:00Z,4380,4380,4378,4378,32
2026-03-12T06:46:00Z,4381,4381,4378,4378,8
2026-03-12T06:47:00Z,4374,4374,4374,4374,1
2026-03-12T06:56:00Z,4377,4377,4377,4377,5
2026-03-12T06:58:00Z,4381,4381,4381,4381,1
2026-03-12T07:01:00Z,4378,4380,4378,4380,10
2026-03-12T07:02:00Z,4379,4381,4378,4381,5
2026-03-12T07:03:00Z,4381,4384,4381,4384,23
2026-03-12T07:05:00Z,4384,4384,4384,4384,10
2026-03-12T07:11:00Z,4387,4388,4387,4388,10
2026-03-12T07:16:00Z,4384,4387,4384,4387,15
2026-03-12T07:17:00Z,4383,4383,4383,4383,1
2026-03-12T07:20:00Z,4384,4384,4379,4379,2
2026-03-12T07:21:00Z,4379,4379,4379,4379,1
2026-03-12T07:22:00Z,4382,4382,4382,4382,2
2026-03-12T07:24:00Z,4382,4382,4379,4379,13
2026-03-12T07:26:00Z,4387,4387,4387,4387,10
2026-03-12T07:29:00Z,4389,4389,4389,4389,1
2026-03-12T07:32:00Z,4392,4392,4392,4392,4
2026-03-12T07:33:00Z,4392,4392,4392,4392,1
2026-03-12T07:34:00Z,4390,4391,4390,4391,10
2026-03-12T07:36:00Z,4392,4392,4392,4392,5
2026-03-12T07:37:00Z,4392,4392,4390,4391,20
2026-03-12T07:38:00Z,4386,4390,4386,4390,30
2026-03-12T07:39:00Z,4390,4390,4390,4390,5
2026-03-12T07:40:00Z,4390,4393,4390,4393,8
2026-03-12T07:42:00Z,4394,4394,4394,4394,1
2026-03-12T07:44:00Z,4396,4396,4396,4396,1
2026-03-12T07:45:00Z,4396,4397,4396,4397,3
2026-03-12T07:51:00Z,4394,4394,4394,4394,1
2026-03-12T07:59:00Z,4390,4390,4390,4390,1
2026-03-12T08:13:00Z,4398,4398,4398,4398,2
2026-03-12T08:19:00Z,4392,4392,4392,4392,1
2026-03-12T08:23:00Z,4407,4411,4407,4411,4
2026-03-12T08:27:00Z,4415,4415,4415,4415,2
2026-03-12T08:45:00Z,4396,4398,4396,4398,2
2026-03-12T08:48:00Z,4400,4400,4400,4400,1
2026-03-12T09:31:00Z,4389,4389,4389,4389,1
2026-03-12T09:48:00Z,4383,4383,4383,4383,2
2026-03-12T09:56:00Z,4373,4373,4373,4373,2
2026-03-12T13:08:00Z,4382,4382,4380,4382,18
2026-03-12T13:20:00Z,4395,4395,4395,4395,2
2026-03-12T13:22:00Z,4406,4406,4406,4406,1
2026-03-12T13:41:00Z,4400,4400,4400,4400,2
2026-03-12T13:43:00Z,4398,4398,4396,4396,10
2026-03-12T14:41:00Z,4395,4395,4395,4395,1
2026-03-13T02:30:00Z,4405,4405,4405,4405,1
2026-03-13T02:41:00Z,4401,4401,4401,4401,1
2026-03-13T02:43:00Z,4405,4405,4405,4405,2
2026-03-13T02:47:00Z,4408,4408,4408,4408,1
2026-03-13T02:48:00Z,4408,4408,4408,4408,1
2026-03-13T02:53:00Z,4411,4413,4411,4413,12
2026-03-13T02:54:00Z,4412,4413,4412,4413,5
2026-03-13T02:55:00Z,4410,4410,4410,4410,1
2026-03-13T02:59:00Z,4406,4406,4406,4406,1
2026-03-13T03:05:00Z,4405,4405,4405,4405,1
2026-03-13T03:13:00Z,4414,4414,4412,4412,9
2026-03-13T03:14:00Z,4412,4412,4412,4412,1
2026-03-13T03:19:00Z,4414,4414,4414,4414,4
2026-03-13T03:20:00Z,4413,4413,4410,4411,17
2026-03-13T03:52:00Z,4413,4414,4413,4414,3
2026-03-13T03:56:00Z,4411,4411,4411,4411,1
2026-03-13T04:01:00Z,4414,4414,4414,4414,2
2026-03-13T04:03:00Z,4414,4414,4414,4414,2
2026-03-13T04:04:00Z,4414,4414,4414,4414,2
2026-03-13T04:05:00Z,4414,4414,4414,4414,2
2026-03-13T04:06:00Z,4414,4414,4414,4414,1
2026-03-13T04:07:00Z,4414,4414,4414,4414,5
2026-03-13T04:08:00Z,4415,4415,4415,4415,5
2026-03-13T04:09:00Z,4416,4417,4416,4417,12
2026-03-13T04:10:00Z,4418,4422,4418,4422,28
2026-03-13T04:11:00Z,4422,4422,4422,4422,3
2026-03-13T04:12:00Z,4422,4422,4420,4420,5
2026-03-13T04:14:00Z,4422,4422,4422,4422,8
2026-03-13T04:15:00Z,4422,4422,4422,4422,3
2026-03-13T04:17:00Z,4424,4425,4424,4425,9
2026-03-13T04:18:00Z,4425,4428,4425,4427,11
2026-03-13T04:20:00Z,4428,4429,4426,4426,34
2026-03-13T04:23:00Z,4427,4427,4426,4426,6
2026-03-13T04:24:00Z,4426,4426,4426,4426,2
2026-03-13T04:26:00Z,4424,4424,4424,4424,3
2026-03-13T04:27:00Z,4424,4426,4424,4424,21
2026-03-13T04:28:00Z,4425,4425,4425,4425,2
2026-03-13T04:29:00Z,4426,4426,4425,4426,32
2026-03-13T06:30:00Z,4392,4392,4392,4392,1
2026-03-13T06:32:00Z,4391,4396,4391,4396,15
2026-03-13T06:40:00Z,4386,4388,4386,4388,17
2026-03-13T06:43:00Z,4375,4376,4375,4376,10
2026-03-13T06:45:00Z,4387,4389,4387,4389,10
2026-03-13T06:53:00Z,4380,4380,4376,4379,37
2026-03-13T06:54:00Z,4379,4382,4379,4382,3
2026-03-13T07:14:00Z,4385,4385,4385,4385,1
2026-03-13T07:26:00Z,4389,4389,4389,4389,1
2026-03-13T07:39:00Z,4382,4382,4382,4382,1
2026-03-13T07:50:00Z,4390,4392,4390,4392,20
2026-03-13T07:51:00Z,4403,4403,4400,4401,5
2026-03-13T07:52:00Z,4406,4406,4405,4405,10
2026-03-13T07:55:00Z,4410,4410,4410,4410,2
2026-03-13T07:56:00Z,4410,4410,4410,4410,5
2026-03-13T07:57:00Z,4410,4410,4410,4410,3
2026-03-13T08:03:00Z,4412,4412,4412,4412,1
2026-03-13T08:16:00Z,4410,4410,4410,4410,7
2026-03-13T08:22:00Z,4407,4407,4407,4407,1
2026-03-13T08:31:00Z,4400,4400,4400,4400,3
2026-03-13T08:32:00Z,4401,4401,4401,4401,1
2026-03-13T08:35:00Z,4397,4397,4397,4397,1
2026-03-13T08:44:00Z,4373,4374,4373,4374,4
2026-03-13T08:45:00Z,4373,4373,4373,4373,3
2026-03-13T08:52:00Z,4373,4373,4373,4373,3
2026-03-13T08:56:00Z,4383,4384,4383,4384,6
2026-03-13T09:03:00Z,4373,4373,4373,4373,2
2026-03-13T09:27:00Z,4375,4375,4375,4375,2
2026-03-13T09:33:00Z,4385,4386,4385,4386,8
2026-03-13T09:35:00Z,4390,4390,4390,4390,1
2026-03-13T09:37:00Z,4390,4390,4390,4390,2
2026-03-13T09:47:00Z,4372,4372,4372,4372,1
2026-03-13T09:49:00Z,4380,4380,4380,4380,20
2026-03-13T09:55:00Z,4400,4406,4400,4406,11
2026-03-13T09:56:00Z,4397,4404,4397,4404,20
2026-03-16T02:30:00Z,4450,4450,4450,4450,6
2026-03-16T02:31:00Z,4443,4443,4431,4431,5
2026-03-16T02:32:00Z,4435,4437,4435,4436,5
2026-03-16T02:33:00Z,4438,4443,4438,4443,2
2026-03-16T02:36:00Z,4436,4436,4436,4436,2
2026-03-16T02:37:00Z,4437,4437,4437,4437,2
2026-03-16T02:38:00Z,4440,4440,4440,4440,12
2026-03-16T02:40:00Z,4443,4443,4443,4443,2
2026-03-16T02:44:00Z,4442,4443,4442,4443,4
2026-03-16T02:51:00Z,4445,4445,4445,4445,1
2026-03-16T02:56:00Z,4430,4435,4430,4435,12
2026-03-16T02:59:00Z,4430,4430,4430,4430,10
2026-03-16T03:00:00Z,4430,4430,4430,4430,10
2026-03-16T03:02:00Z,4431,4431,4431,4431,10
2026-03-16T03:10:00Z,4439,4439,4438,4438,11
2026-03-16T04:23:00Z,4438,4438,4438,4438,1
2026-03-16T04:27:00Z,4438,4438,4435,4435,5
2026-03-16T04:28:00Z,4435,4435,4435,4435,4
2026-03-16T04:29:00Z,4435,4435,4434,4434,4
2026-03-16T07:02:00Z,4447,4447,4447,4447,1
2026-03-16T07:03:00Z,4449,4449,4444,4444,14
2026-03-16T07:10:00Z,4448,4448,4448,4448,1
2026-03-16T07:11:00Z,4448,4448,4448,4448,2
2026-03-16T07:12:00Z,4448,4448,4448,4448,4
2026-03-16T07:14:00Z,4457,4457,4456,4456,3
2026-03-16T07:16:00Z,4458,4458,4458,4458,1
2026-03-16T07:19:00Z,4459,4459,4459,4459,1
2026-03-16T07:21:00Z,4460,4460,4460,4460,2
2026-03-16T07:24:00Z,4463,4463,4463,4463,1
2026-03-16T07:28:00Z,4465,4465,4465,4465,1
2026-03-16T07:29:00Z,4465,4465,4465,4465,1
2026-03-16T07:32:00Z,4470,4470,4470,4470,1
2026-03-16T07:33:00Z,4468,4470,4468,4469,6
2026-03-16T07:45:00Z,4469,4469,4469,4469,4
2026-03-16T07:46:00Z,4469,4469,4469,4469,2
2026-03-16T07:54:00Z,4473,4473,4473,4473,1
2026-03-16T07:58:00Z,4469,4469,4469,4469,1
2026-03-16T07:59:00Z,4469,4469,4469,4469,1
2026-03-16T08:09:00Z,4470,4470,4470,4470,1
2026-03-16T08:20:00Z,4472,4472,4472,4472,1
2026-03-16T08:26:00Z,4471,4471,4471,4471,2
2026-03-16T08:29:00Z,4469,4469,4467,4468,3
2026-03-16T08:31:00Z,4467,4467,4467,4467,1
2026-03-16T08:33:00Z,4467,4467,4467,4467,5
2026-03-16T08:36:00Z,4471,4471,4471,4471,1
2026-03-16T08:39:00Z,4469,4469,4468,4468,25
2026-03-16T08:40:00Z,4468,4468,4468,4468,2
2026-03-16T08:41:00Z,4468,4468,4468,4468,13
2026-03-16T08:46:00Z,4467,4469,4467,4468,7
2026-03-16T08:47:00Z,4467,4467,4467,4467,19
2026-03-16T08:53:00Z,4468,4469,4467,4467,21
2026-03-16T08:55:00Z,4469,4469,4469,4469,13
2026-03-16T08:57:00Z,4472,4472,4472,4472,8
2026-03-16T08:58:00Z,4471,4472,4471,4472,10
2026-03-16T09:10:00Z,4470,4472,4470,4472,34
2026-03-16T09:11:00Z,4472,4474,4472,4473,6
2026-03-16T09:12:00Z,4474,4475,4474,4475,3
2026-03-16T09:13:00Z,4474,4475,4474,4474,10
2026-03-16T09:14:00Z,4474,4474,4474,4474,5
2026-03-16T09:16:00Z,4474,4474,4474,4474,1
2026-03-16T09:20:00Z,4475,4475,4475,4475,3
2026-03-16T09:21:00Z,4475,4475,4475,4475,1
2026-03-16T09:25:00Z,4475,4475,4475,4475,6
2026-03-16T09:26:00Z,4475,4475,4475,4475,11
2026-03-16T09:29:00Z,4475,4477,4475,4477,14
2026-03-16T09:32:00Z,4475,4475,4475,4475,1
2026-03-16T09:34:00Z,4473,4473,4473,4473,1
2026-03-16T09:35:00Z,4477,4477,4477,4477,9
2026-03-16T09:36:00Z,4477,4478,4475,4476,13
2026-03-16T09:38:00Z,4475,4476,4475,4476,16
2026-03-16T09:39:00Z,4476,4476,4476,4476,4
2026-03-16T09:43:00Z,4480,4480,4480,4480,3
2026-03-16T09:46:00Z,4478,4479,4477,4477,18
2026-03-16T09:48:00Z,4479,4479,4478,4478,4
2026-03-16T09:49:00Z,4477,4477,4477,4477,5
2026-03-16T09:50:00Z,4477,4477,4475,4475,2
2026-03-16T09:51:00Z,4475,4478,4475,4477,12
2026-03-16T09:52:00Z,4477,4477,4477,4477,7
2026-03-16T09:53:00Z,4477,4477,4476,4476,3
2026-03-16T09:55:00Z,4476,4476,4476,4476,19
2026-03-16T09:57:00Z,4470,4471,4470,4471,5
2026-03-16T09:58:00Z,4471,4478,4471,4477,34
2026-03-16T13:00:00Z,4449,4449,4436,4436,4
2026-03-16T13:10:00Z,4454,4455,4454,4455,2
2026-03-16T13:12:00Z,4456,4456,4456,4456,1
2026-03-16T13:20:00Z,4451,4451,4451,4451,2
2026-03-16T13:31:00Z,4445,4445,4445,4445,1
2026-03-16T13:32:00Z,4430,4430,4430,4430,2
2026-03-16T13:36:00Z,4436,4436,4436,4436,1
2026-03-16T13:47:00Z,4431,4431,4431,4431,1
2026-03-16T13:51:00Z,4427,4427,4427,4427,2
2026-03-16T14:08:00Z,4421,4421,4421,4421,3
2026-03-17T02:30:00Z,4450,4450,4450,4450,10
2026-03-17T02:31:00Z,4448,4448,4447,4447,3
2026-03-17T02:32:00Z,4447,4447,4447,4447,1
2026-03-17T02:33:00Z,4446,4446,4446,4446,5
2026-03-17T02:50:00Z,4446,4446,4446,4446,1
2026-03-17T03:01:00Z,4446,4446,4446,4446,2
2026-03-17T03:12:00Z,4439,4439,4439,4439,15
2026-03-17T03:13:00Z,4439,4439,4439,4439,1