instrument,group,era,shape,duration_bucket,horizon,n_signals,reversion_rate_pct,continuation_rate_pct,anti_rev_depth_z,time_to_turn_days,half_life_days,net_directional_bias_pct,low_n_flag
M1-M2,live-9,full,C,early,5,2,0.0,0.0,,,,-50.0,LOW-N
M1-M2,live-9,full,C,early,10,2,50.0,0.0,,,9.0,0.0,LOW-N
M1-M2,live-9,full,C,early,20,2,100.0,0.0,,,11.5,50.0,LOW-N
M1-M2,live-9,full,C,established,5,114,35.96,42.11,2.855,3.0,2.0,-14.04,
M1-M2,live-9,full,C,established,10,114,71.05,55.26,3.029,5.0,3.0,21.05,
M1-M2,live-9,full,C,established,20,113,94.69,70.8,3.061,7.0,4.0,44.69,
M1-M2,live-9,full,C,mid,5,30,56.67,30.0,2.412,2.0,2.0,6.67,
M1-M2,live-9,full,C,mid,10,30,86.67,36.67,2.569,5.0,3.5,36.67,
M1-M2,live-9,full,C,mid,20,30,96.67,60.0,2.522,14.0,4.0,46.67,
M1-M2,live-9,full,F,early,5,15,40.0,13.33,2.044,3.5,1.0,-10.0,LOW-N
M1-M2,live-9,full,F,early,10,15,66.67,26.67,2.593,7.0,2.0,16.67,LOW-N
M1-M2,live-9,full,F,early,20,15,86.67,80.0,2.494,14.5,7.0,36.67,LOW-N
M1-M2,live-9,full,F,established,5,0,,,,,,,
M1-M2,live-9,full,F,established,10,0,,,,,,,
M1-M2,live-9,full,F,established,20,0,,,,,,,
M1-M2,live-9,full,F,mid,5,14,42.86,35.71,2.365,3.0,1.0,-7.14,LOW-N
M1-M2,live-9,full,F,mid,10,14,42.86,42.86,2.329,3.5,1.0,-7.14,LOW-N
M1-M2,live-9,full,F,mid,20,14,57.14,42.86,2.329,3.5,1.0,7.14,LOW-N
M1-M2,live-9,full,MB,early,5,16,18.75,0.0,,,3.0,-31.25,LOW-N
M1-M2,live-9,full,MB,early,10,16,62.5,12.5,2.153,9.5,5.0,12.5,LOW-N
M1-M2,live-9,full,MB,early,20,16,87.5,50.0,3.107,16.5,6.0,37.5,LOW-N
M1-M2,live-9,full,MB,established,5,4,0.0,50.0,2.52,1.0,,-50.0,LOW-N
M1-M2,live-9,full,MB,established,10,4,0.0,50.0,2.52,1.0,,-50.0,LOW-N
M1-M2,live-9,full,MB,established,20,4,0.0,50.0,2.52,1.0,,-50.0,LOW-N
M1-M2,live-9,full,MB,mid,5,19,31.58,31.58,2.423,5.0,2.0,-18.42,LOW-N
M1-M2,live-9,full,MB,mid,10,19,36.84,52.63,2.475,6.5,2.0,-13.16,LOW-N
M1-M2,live-9,full,MB,mid,20,19,57.89,68.42,2.596,10.0,2.0,7.89,LOW-N
M1-M2,live-9,full,SB,early,5,34,23.53,41.18,2.722,2.5,2.0,-26.47,
M1-M2,live-9,full,SB,early,10,34,52.94,47.06,2.727,3.0,4.5,2.94,
M1-M2,live-9,full,SB,early,20,34,58.82,55.88,2.818,4.0,5.0,8.82,
M1-M2,live-9,full,SB,established,5,50,32.0,32.0,3.131,2.5,2.0,-18.0,
M1-M2,live-9,full,SB,established,10,50,60.0,38.0,3.078,3.0,4.0,10.0,
M1-M2,live-9,full,SB,established,20,50,78.0,50.0,3.002,4.0,5.0,28.0,
M1-M2,live-9,full,SB,mid,5,53,47.17,33.96,2.306,2.5,2.0,-2.83,
M1-M2,live-9,full,SB,mid,10,53,54.72,47.17,2.386,3.0,2.0,4.72,
M1-M2,live-9,full,SB,mid,20,53,79.25,54.72,2.995,10.0,3.0,29.25,
M1-M2,live-9,full,TB,early,5,6,50.0,16.67,3.515,5.0,2.0,0.0,LOW-N
M1-M2,live-9,full,TB,early,10,6,83.33,50.0,3.515,6.0,2.0,33.33,LOW-N
M1-M2,live-9,full,TB,early,20,6,83.33,66.67,3.238,6.5,2.0,33.33,LOW-N
M1-M2,live-9,full,TB,established,5,2,0.0,50.0,2.256,1.0,,-50.0,LOW-N
M1-M2,live-9,full,TB,established,10,2,0.0,50.0,2.256,1.0,,-50.0,LOW-N
M1-M2,live-9,full,TB,established,20,2,100.0,50.0,2.256,1.0,12.0,50.0,LOW-N
M1-M2,live-9,full,TB,mid,5,18,11.11,27.78,2.331,1.0,2.5,-38.89,LOW-N
M1-M2,live-9,full,TB,mid,10,18,16.67,27.78,2.456,2.0,2.0,-33.33,LOW-N
M1-M2,live-9,full,TB,mid,20,18,44.44,44.44,2.273,5.5,14.0,-5.56,LOW-N
M2-M3,live-9,full,C,early,5,7,42.86,14.29,1.788,1.0,3.0,-7.14,LOW-N
M2-M3,live-9,full,C,early,10,7,57.14,28.57,1.986,5.0,3.0,7.14,LOW-N
M2-M3,live-9,full,C,early,20,7,85.71,71.43,2.246,14.0,6.0,35.71,LOW-N
M2-M3,live-9,full,C,established,5,159,16.35,56.6,2.621,2.0,2.0,-33.65,
M2-M3,live-9,full,C,established,10,159,32.7,61.64,2.681,3.0,4.0,-17.3,
M2-M3,live-9,full,C,established,20,159,54.09,66.67,2.792,4.0,5.0,4.09,
M2-M3,live-9,full,C,mid,5,33,45.45,39.39,2.312,2.0,2.0,-4.55,
M2-M3,live-9,full,C,mid,10,33,75.76,48.48,2.362,2.5,4.0,25.76,
M2-M3,live-9,full,C,mid,20,33,87.88,54.55,2.41,3.0,4.0,37.88,
M2-M3,live-9,full,F,early,5,10,0.0,30.0,2.774,4.0,,-50.0,LOW-N
M2-M3,live-9,full,F,early,10,10,0.0,30.0,3.187,5.0,,-50.0,LOW-N
M2-M3,live-9,full,F,early,20,10,20.0,30.0,3.187,5.0,8.0,-30.0,LOW-N
M2-M3,live-9,full,F,established,5,0,,,,,,,
M2-M3,live-9,full,F,established,10,0,,,,,,,
M2-M3,live-9,full,F,established,20,0,,,,,,,
M2-M3,live-9,full,F,mid,5,16,18.75,31.25,2.33,1.0,1.0,-31.25,LOW-N
M2-M3,live-9,full,F,mid,10,16,31.25,37.5,2.44,2.0,1.0,-18.75,LOW-N
M2-M3,live-9,full,F,mid,20,16,37.5,56.25,2.757,3.0,5.0,-12.5,LOW-N
M2-M3,live-9,full,MB,early,5,19,0.0,15.79,1.658,2.0,,-50.0,LOW-N
M2-M3,live-9,full,MB,early,10,19,15.79,26.32,1.76,5.0,10.0,-34.21,LOW-N
M2-M3,live-9,full,MB,early,20,19,68.42,57.89,2.934,16.0,10.0,18.42,LOW-N
M2-M3,live-9,full,MB,established,5,3,0.0,0.0,,,,-50.0,LOW-N
M2-M3,live-9,full,MB,established,10,3,0.0,0.0,,,,-50.0,LOW-N
M2-M3,live-9,full,MB,established,20,3,33.33,0.0,,,13.0,-16.67,LOW-N
M2-M3,live-9,full,MB,mid,5,8,25.0,12.5,1.614,3.0,1.0,-25.0,LOW-N
M2-M3,live-9,full,MB,mid,10,8,37.5,50.0,2.012,8.5,1.0,-12.5,LOW-N
M2-M3,live-9,full,MB,mid,20,8,62.5,50.0,2.368,9.0,2.0,12.5,LOW-N
M2-M3,live-9,full,SB,early,5,42,9.52,19.05,2.735,3.5,4.0,-40.48,
M2-M3,live-9,full,SB,early,10,42,28.57,33.33,2.621,5.5,5.5,-21.43,
M2-M3,live-9,full,SB,early,20,42,57.14,40.48,2.65,7.0,7.0,7.14,
M2-M3,live-9,full,SB,established,5,32,12.5,43.75,2.625,1.5,1.5,-37.5,
M2-M3,live-9,full,SB,established,10,32,25.0,56.25,3.032,4.5,2.0,-25.0,
M2-M3,live-9,full,SB,established,20,32,56.25,56.25,3.25,4.5,5.5,6.25,
M2-M3,live-9,full,SB,mid,5,82,29.27,42.68,2.138,1.0,3.0,-20.73,
M2-M3,live-9,full,SB,mid,10,82,37.8,51.22,2.241,2.0,3.0,-12.2,
M2-M3,live-9,full,SB,mid,20,82,59.76,64.63,2.913,11.0,4.0,9.76,
M2-M3,live-9,full,TB,early,5,7,0.0,14.29,3.826,5.0,,-50.0,LOW-N
M2-M3,live-9,full,TB,early,10,7,0.0,42.86,3.826,6.0,,-50.0,LOW-N
M2-M3,live-9,full,TB,early,20,7,28.57,42.86,3.826,6.0,8.0,-21.43,LOW-N
M2-M3,live-9,full,TB,established,5,4,0.0,75.0,2.414,3.0,,-50.0,LOW-N
M2-M3,live-9,full,TB,established,10,4,50.0,75.0,2.414,3.0,9.5,0.0,LOW-N
M2-M3,live-9,full,TB,established,20,4,100.0,75.0,2.414,3.0,11.0,50.0,LOW-N
M2-M3,live-9,full,TB,mid,5,13,15.38,38.46,2.451,1.0,2.0,-34.62,LOW-N
M2-M3,live-9,full,TB,mid,10,13,15.38,61.54,2.379,2.0,2.0,-34.62,LOW-N
M2-M3,live-9,full,TB,mid,20,13,61.54,61.54,2.537,6.0,15.5,11.54,LOW-N
M3-M4,live-9,full,C,early,5,13,15.38,23.08,2.268,1.0,1.5,-34.62,LOW-N
M3-M4,live-9,full,C,early,10,13,38.46,46.15,2.404,7.0,7.0,-11.54,LOW-N
M3-M4,live-9,full,C,early,20,13,100.0,46.15,2.448,7.5,5.0,50.0,LOW-N
M3-M4,live-9,full,C,established,5,182,9.34,53.3,2.474,2.0,2.0,-40.66,
M3-M4,live-9,full,C,established,10,182,30.22,62.09,2.611,3.0,4.0,-19.78,
M3-M4,live-9,full,C,established,20,178,53.93,71.35,2.714,6.0,5.5,3.93,
M3-M4,live-9,full,C,mid,5,30,36.67,30.0,2.272,2.0,1.0,-13.33,
M3-M4,live-9,full,C,mid,10,30,60.0,33.33,2.301,3.0,2.0,10.0,
M3-M4,live-9,full,C,mid,20,28,78.57,46.43,2.618,15.0,2.5,28.57,
M3-M4,live-9,full,F,early,5,11,18.18,18.18,2.15,3.0,2.0,-31.82,LOW-N
M3-M4,live-9,full,F,early,10,11,27.27,36.36,2.047,5.5,3.0,-22.73,LOW-N
M3-M4,live-9,full,F,early,20,11,72.73,72.73,2.298,15.0,6.0,22.73,LOW-N
M3-M4,live-9,full,F,established,5,0,,,,,,,
M3-M4,live-9,full,F,established,10,0,,,,,,,
M3-M4,live-9,full,F,established,20,0,,,,,,,
M3-M4,live-9,full,F,mid,5,10,30.0,20.0,1.62,1.0,2.0,-20.0,LOW-N
M3-M4,live-9,full,F,mid,10,10,30.0,40.0,2.046,7.5,2.0,-20.0,LOW-N
M3-M4,live-9,full,F,mid,20,10,60.0,60.0,2.016,8.5,9.5,10.0,LOW-N
M3-M4,live-9,full,MB,early,5,22,0.0,13.64,2.074,3.0,,-50.0,
M3-M4,live-9,full,MB,early,10,22,13.64,13.64,2.333,5.0,9.0,-36.36,
M3-M4,live-9,full,MB,early,20,22,31.82,54.55,2.832,15.0,9.0,-18.18,
M3-M4,live-9,full,MB,established,5,0,,,,,,,
M3-M4,live-9,full,MB,established,10,0,,,,,,,
M3-M4,live-9,full,MB,established,20,0,,,,,,,
M3-M4,live-9,full,MB,mid,5,9,11.11,11.11,2.365,1.0,1.0,-38.89,LOW-N
M3-M4,live-9,full,MB,mid,10,9,11.11,33.33,2.281,7.0,1.0,-38.89,LOW-N
M3-M4,live-9,full,MB,mid,20,9,22.22,33.33,2.694,7.0,6.5,-27.78,LOW-N
M3-M4,live-9,full,SB,early,5,39,20.51,20.51,3.355,3.0,3.5,-29.49,
M3-M4,live-9,full,SB,early,10,39,35.9,41.03,2.897,6.5,4.5,-14.1,
M3-M4,live-9,full,SB,early,20,39,74.36,43.59,2.994,8.0,7.0,24.36,
M3-M4,live-9,full,SB,established,5,44,20.45,47.73,2.385,2.0,2.0,-29.55,
M3-M4,live-9,full,SB,established,10,44,34.09,54.55,2.633,2.5,3.0,-15.91,
M3-M4,live-9,full,SB,established,20,44,50.0,61.36,2.736,3.0,7.0,0.0,
M3-M4,live-9,full,SB,mid,5,65,43.08,46.15,2.207,2.0,2.0,-6.92,
M3-M4,live-9,full,SB,mid,10,65,58.46,50.77,2.257,3.0,3.0,8.46,
M3-M4,live-9,full,SB,mid,20,65,81.54,63.08,2.527,7.0,4.0,31.54,
M3-M4,live-9,full,TB,early,5,8,50.0,37.5,2.316,2.0,2.5,0.0,LOW-N
M3-M4,live-9,full,TB,early,10,8,75.0,37.5,2.316,2.0,3.5,25.0,LOW-N
M3-M4,live-9,full,TB,early,20,8,75.0,50.0,2.441,2.0,3.5,25.0,LOW-N
M3-M4,live-9,full,TB,established,5,3,66.67,66.67,2.327,4.5,1.5,16.67,LOW-N
M3-M4,live-9,full,TB,established,10,3,100.0,66.67,2.327,4.5,2.0,50.0,LOW-N
M3-M4,live-9,full,TB,established,20,3,100.0,66.67,2.327,4.5,2.0,50.0,LOW-N
M3-M4,live-9,full,TB,mid,5,10,30.0,60.0,2.541,1.5,1.0,-20.0,LOW-N
M3-M4,live-9,full,TB,mid,10,10,30.0,60.0,2.541,1.5,1.0,-20.0,LOW-N
M3-M4,live-9,full,TB,mid,20,10,90.0,60.0,2.541,1.5,15.0,40.0,LOW-N
M4-M5,live-9,full,C,early,5,11,27.27,36.36,2.58,1.0,3.0,-22.73,LOW-N
M4-M5,live-9,full,C,early,10,11,100.0,45.45,2.611,1.0,4.0,50.0,LOW-N
M4-M5,live-9,full,C,early,20,11,100.0,45.45,2.611,1.0,4.0,50.0,LOW-N
M4-M5,live-9,full,C,established,5,171,11.11,53.8,2.395,2.0,3.0,-38.89,
M4-M5,live-9,full,C,established,10,171,28.65,59.06,2.583,3.0,4.0,-21.35,
M4-M5,live-9,full,C,established,20,170,48.82,70.59,2.661,7.0,7.0,-1.18,
M4-M5,live-9,full,C,mid,5,29,41.38,44.83,2.163,1.0,2.0,-8.62,
M4-M5,live-9,full,C,mid,10,29,62.07,48.28,2.135,2.0,3.5,12.07,
M4-M5,live-9,full,C,mid,20,27,77.78,55.56,2.242,3.0,4.0,27.78,
M4-M5,live-9,full,F,early,5,9,33.33,33.33,2.764,1.0,3.0,-16.67,LOW-N
M4-M5,live-9,full,F,early,10,9,44.44,33.33,2.764,1.0,3.5,-5.56,LOW-N
M4-M5,live-9,full,F,early,20,9,100.0,77.78,2.754,15.0,4.0,50.0,LOW-N
M4-M5,live-9,full,F,established,5,0,,,,,,,
M4-M5,live-9,full,F,established,10,0,,,,,,,
M4-M5,live-9,full,F,established,20,0,,,,,,,
M4-M5,live-9,full,F,mid,5,6,33.33,0.0,,,1.5,-16.67,LOW-N
M4-M5,live-9,full,F,mid,10,6,33.33,0.0,,,1.5,-16.67,LOW-N
M4-M5,live-9,full,F,mid,20,6,66.67,0.0,,,9.5,16.67,LOW-N
M4-M5,live-9,full,MB,early,5,24,16.67,16.67,2.384,1.0,2.5,-33.33,
M4-M5,live-9,full,MB,early,10,24,33.33,16.67,2.384,1.0,6.0,-16.67,
M4-M5,live-9,full,MB,early,20,24,62.5,37.5,2.974,16.0,7.0,12.5,
M4-M5,live-9,full,MB,established,5,0,,,,,,,
M4-M5,live-9,full,MB,established,10,0,,,,,,,
M4-M5,live-9,full,MB,established,20,0,,,,,,,
M4-M5,live-9,full,MB,mid,5,10,10.0,10.0,2.416,3.0,1.0,-40.0,LOW-N
M4-M5,live-9,full,MB,mid,10,10,20.0,20.0,1.983,5.5,5.5,-30.0,LOW-N
M4-M5,live-9,full,MB,mid,20,10,60.0,30.0,1.924,8.0,10.5,10.0,LOW-N
M4-M5,live-9,full,SB,early,5,31,9.68,29.03,3.329,2.0,1.0,-40.32,
M4-M5,live-9,full,SB,early,10,31,29.03,32.26,3.219,2.0,2.0,-20.97,
M4-M5,live-9,full,SB,early,20,31,67.74,32.26,3.283,2.0,8.0,17.74,
M4-M5,live-9,full,SB,established,5,51,31.37,47.06,2.62,2.0,2.5,-18.63,
M4-M5,live-9,full,SB,established,10,51,47.06,54.9,2.713,3.5,3.5,-2.94,
M4-M5,live-9,full,SB,established,20,51,68.63,58.82,2.938,4.0,4.0,18.63,
M4-M5,live-9,full,SB,mid,5,43,32.56,46.51,2.491,2.0,2.0,-17.44,
M4-M5,live-9,full,SB,mid,10,43,51.16,48.84,2.446,2.0,2.0,1.16,
M4-M5,live-9,full,SB,mid,20,43,79.07,60.47,2.737,3.0,3.0,29.07,
M4-M5,live-9,full,TB,early,5,4,0.0,50.0,2.056,3.5,,-50.0,LOW-N
M4-M5,live-9,full,TB,early,10,4,0.0,50.0,2.056,3.5,,-50.0,LOW-N
M4-M5,live-9,full,TB,early,20,4,25.0,50.0,2.056,3.5,19.0,-25.0,LOW-N
M4-M5,live-9,full,TB,established,5,1,0.0,0.0,,,,-50.0,LOW-N
M4-M5,live-9,full,TB,established,10,1,0.0,0.0,,,,-50.0,LOW-N
M4-M5,live-9,full,TB,established,20,1,100.0,0.0,,,1.0,50.0,LOW-N
M4-M5,live-9,full,TB,mid,5,7,14.29,28.57,2.52,1.5,3.0,-35.71,LOW-N
M4-M5,live-9,full,TB,mid,10,7,14.29,28.57,2.52,1.5,3.0,-35.71,LOW-N
M4-M5,live-9,full,TB,mid,20,7,28.57,28.57,2.52,1.5,9.5,-21.43,LOW-N
M5-M6,live-9,full,C,early,5,10,10.0,20.0,2.237,1.0,2.0,-40.0,LOW-N
M5-M6,live-9,full,C,early,10,10,70.0,30.0,2.242,7.0,7.0,20.0,LOW-N
M5-M6,live-9,full,C,early,20,10,100.0,30.0,2.242,7.0,7.0,50.0,LOW-N
M5-M6,live-9,full,C,established,5,164,18.29,47.56,2.337,2.0,3.0,-31.71,
M5-M6,live-9,full,C,established,10,164,31.71,53.66,2.36,2.0,4.0,-18.29,
M5-M6,live-9,full,C,established,20,164,54.27,61.59,2.472,3.0,5.0,4.27,
M5-M6,live-9,full,C,mid,5,23,17.39,30.43,1.844,2.0,3.5,-32.61,
M5-M6,live-9,full,C,mid,10,23,56.52,34.78,1.977,2.5,5.0,6.52,
M5-M6,live-9,full,C,mid,20,22,68.18,50.0,2.186,4.0,5.0,18.18,
M5-M6,live-9,full,F,early,5,10,20.0,10.0,1.971,1.0,3.5,-30.0,LOW-N
M5-M6,live-9,full,F,early,10,10,50.0,10.0,1.971,1.0,4.0,0.0,LOW-N
M5-M6,live-9,full,F,early,20,10,50.0,30.0,2.908,15.0,4.0,0.0,LOW-N
M5-M6,live-9,full,F,established,5,0,,,,,,,
M5-M6,live-9,full,F,established,10,0,,,,,,,
M5-M6,live-9,full,F,established,20,0,,,,,,,
M5-M6,live-9,full,F,mid,5,15,20.0,26.67,2.253,2.5,2.0,-30.0,LOW-N
M5-M6,live-9,full,F,mid,10,15,20.0,26.67,2.253,2.5,2.0,-30.0,LOW-N
M5-M6,live-9,full,F,mid,20,15,33.33,46.67,2.425,4.0,3.0,-16.67,LOW-N
M5-M6,live-9,full,MB,early,5,26,7.69,7.69,3.023,3.5,3.5,-42.31,
M5-M6,live-9,full,MB,early,10,26,38.46,7.69,3.023,3.5,5.5,-11.54,
M5-M6,live-9,full,MB,early,20,26,76.92,15.38,2.897,14.5,5.5,26.92,
M5-M6,live-9,full,MB,established,5,2,0.0,0.0,,,,-50.0,LOW-N
M5-M6,live-9,full,MB,established,10,2,0.0,0.0,,,,-50.0,LOW-N
M5-M6,live-9,full,MB,established,20,2,0.0,0.0,,,,-50.0,LOW-N
M5-M6,live-9,full,MB,mid,5,15,20.0,33.33,2.571,1.0,2.0,-30.0,LOW-N
M5-M6,live-9,full,MB,mid,10,15,20.0,40.0,2.661,1.5,2.0,-30.0,LOW-N
M5-M6,live-9,full,MB,mid,20,15,26.67,53.33,2.7,2.5,2.0,-23.33,LOW-N
M5-M6,live-9,full,SB,early,5,28,7.14,14.29,1.774,3.0,3.0,-42.86,
M5-M6,live-9,full,SB,early,10,28,28.57,21.43,2.311,6.0,5.5,-21.43,
M5-M6,live-9,full,SB,early,20,28,67.86,32.14,2.91,11.0,10.0,17.86,
M5-M6,live-9,full,SB,established,5,56,17.86,37.5,2.718,2.0,2.5,-32.14,
M5-M6,live-9,full,SB,established,10,56,33.93,42.86,2.861,3.5,5.0,-16.07,
M5-M6,live-9,full,SB,established,20,56,48.21,46.43,2.855,4.0,5.0,-1.79,
M5-M6,live-9,full,SB,mid,5,41,43.9,39.02,2.363,2.0,2.0,-6.1,
M5-M6,live-9,full,SB,mid,10,41,70.73,48.78,2.446,3.0,3.0,20.73,
M5-M6,live-9,full,SB,mid,20,41,85.37,53.66,2.762,4.5,3.0,35.37,
M5-M6,live-9,full,TB,early,5,8,50.0,25.0,2.921,4.5,3.0,0.0,LOW-N
M5-M6,live-9,full,TB,early,10,8,87.5,25.0,2.921,4.5,4.0,37.5,LOW-N
M5-M6,live-9,full,TB,early,20,8,87.5,25.0,2.921,4.5,4.0,37.5,LOW-N
M5-M6,live-9,full,TB,established,5,2,0.0,0.0,,,,-50.0,LOW-N
M5-M6,live-9,full,TB,established,10,2,0.0,0.0,,,,-50.0,LOW-N
M5-M6,live-9,full,TB,established,20,2,100.0,0.0,,,2.0,50.0,LOW-N
M5-M6,live-9,full,TB,mid,5,10,10.0,40.0,2.212,1.0,1.0,-40.0,LOW-N
M5-M6,live-9,full,TB,mid,10,10,10.0,40.0,2.212,1.0,1.0,-40.0,LOW-N
M5-M6,live-9,full,TB,mid,20,10,50.0,40.0,2.212,1.0,17.0,0.0,LOW-N
BF_M1M2M3,live-9,full,C,early,5,8,0.0,25.0,3.098,3.5,,-50.0,LOW-N
BF_M1M2M3,live-9,full,C,early,10,8,12.5,50.0,2.75,5.0,1.0,-37.5,LOW-N
BF_M1M2M3,live-9,full,C,early,20,8,75.0,62.5,2.68,6.0,10.0,25.0,LOW-N
BF_M1M2M3,live-9,full,C,established,5,88,64.77,38.64,2.625,1.5,2.0,14.77,
BF_M1M2M3,live-9,full,C,established,10,88,84.09,50.0,2.812,3.0,2.0,34.09,
BF_M1M2M3,live-9,full,C,established,20,85,97.65,65.88,2.796,8.0,2.0,47.65,
BF_M1M2M3,live-9,full,C,mid,5,18,83.33,16.67,2.312,1.0,2.0,33.33,LOW-N
BF_M1M2M3,live-9,full,C,mid,10,18,100.0,16.67,2.312,1.0,2.0,50.0,LOW-N
BF_M1M2M3,live-9,full,C,mid,20,17,100.0,58.82,2.62,17.5,2.0,50.0,LOW-N
BF_M1M2M3,live-9,full,F,early,5,11,36.36,9.09,2.012,1.0,2.5,-13.64,LOW-N
BF_M1M2M3,live-9,full,F,early,10,11,63.64,18.18,2.111,3.5,5.0,13.64,LOW-N
BF_M1M2M3,live-9,full,F,early,20,11,100.0,27.27,1.96,6.0,8.0,50.0,LOW-N
BF_M1M2M3,live-9,full,F,established,5,0,,,,,,,
BF_M1M2M3,live-9,full,F,established,10,0,,,,,,,
BF_M1M2M3,live-9,full,F,established,20,0,,,,,,,
BF_M1M2M3,live-9,full,F,mid,5,14,71.43,28.57,2.227,2.0,2.0,21.43,LOW-N
BF_M1M2M3,live-9,full,F,mid,10,14,78.57,35.71,2.491,2.0,2.0,28.57,LOW-N
BF_M1M2M3,live-9,full,F,mid,20,14,100.0,50.0,2.311,5.0,2.5,50.0,LOW-N
BF_M1M2M3,live-9,full,MB,early,5,13,15.38,38.46,2.121,3.0,5.0,-34.62,LOW-N
BF_M1M2M3,live-9,full,MB,early,10,13,76.92,38.46,2.121,3.0,6.0,26.92,LOW-N
BF_M1M2M3,live-9,full,MB,early,20,13,100.0,38.46,2.127,11.0,7.0,50.0,LOW-N
BF_M1M2M3,live-9,full,MB,established,5,4,50.0,50.0,2.16,1.5,2.5,0.0,LOW-N
BF_M1M2M3,live-9,full,MB,established,10,4,75.0,50.0,2.16,1.5,3.0,25.0,LOW-N
BF_M1M2M3,live-9,full,MB,established,20,4,75.0,50.0,2.16,1.5,3.0,25.0,LOW-N
BF_M1M2M3,live-9,full,MB,mid,5,15,80.0,0.0,,,2.0,30.0,LOW-N
BF_M1M2M3,live-9,full,MB,mid,10,15,86.67,40.0,1.934,7.5,2.0,36.67,LOW-N
BF_M1M2M3,live-9,full,MB,mid,20,15,93.33,46.67,2.452,9.0,2.0,43.33,LOW-N
BF_M1M2M3,live-9,full,SB,early,5,19,26.32,31.58,2.673,1.5,1.0,-23.68,LOW-N
BF_M1M2M3,live-9,full,SB,early,10,19,63.16,42.11,2.619,3.0,2.5,13.16,LOW-N
BF_M1M2M3,live-9,full,SB,early,20,19,78.95,63.16,2.574,11.0,3.0,28.95,LOW-N
BF_M1M2M3,live-9,full,SB,established,5,52,55.77,40.38,2.575,3.0,2.0,5.77,
BF_M1M2M3,live-9,full,SB,established,10,52,59.62,50.0,2.859,4.5,2.0,9.62,
BF_M1M2M3,live-9,full,SB,established,20,52,75.0,59.62,3.179,9.0,2.0,25.0,
BF_M1M2M3,live-9,full,SB,mid,5,75,38.67,42.67,2.305,2.0,2.0,-11.33,
BF_M1M2M3,live-9,full,SB,mid,10,75,62.67,50.67,2.388,4.0,2.0,12.67,
BF_M1M2M3,live-9,full,SB,mid,20,75,97.33,60.0,2.607,6.0,3.0,47.33,
BF_M1M2M3,live-9,full,TB,early,5,6,50.0,16.67,2.401,1.0,2.0,0.0,LOW-N
BF_M1M2M3,live-9,full,TB,early,10,6,66.67,16.67,2.401,1.0,3.5,16.67,LOW-N
BF_M1M2M3,live-9,full,TB,early,20,6,83.33,16.67,2.401,1.0,5.0,33.33,LOW-N
BF_M1M2M3,live-9,full,TB,established,5,1,0.0,0.0,,,,-50.0,LOW-N
BF_M1M2M3,live-9,full,TB,established,10,1,0.0,0.0,,,,-50.0,LOW-N
BF_M1M2M3,live-9,full,TB,established,20,1,100.0,100.0,2.278,17.0,10.0,50.0,LOW-N
BF_M1M2M3,live-9,full,TB,mid,5,6,0.0,33.33,1.854,1.5,,-50.0,LOW-N
BF_M1M2M3,live-9,full,TB,mid,10,6,0.0,33.33,1.854,1.5,,-50.0,LOW-N
BF_M1M2M3,live-9,full,TB,mid,20,6,83.33,33.33,1.854,1.5,3.0,33.33,LOW-N
BF_M2M3M4,live-9,full,C,early,5,4,25.0,0.0,,,1.0,-25.0,LOW-N
BF_M2M3M4,live-9,full,C,early,10,4,75.0,0.0,,,3.0,25.0,LOW-N
BF_M2M3M4,live-9,full,C,early,20,4,100.0,25.0,2.377,12.0,5.0,50.0,LOW-N
BF_M2M3M4,live-9,full,C,established,5,126,31.75,45.24,2.348,2.0,2.0,-18.25,
BF_M2M3M4,live-9,full,C,established,10,126,56.35,57.94,2.485,3.0,3.0,6.35,
BF_M2M3M4,live-9,full,C,established,20,126,79.37,72.22,2.597,8.0,3.0,29.37,
BF_M2M3M4,live-9,full,C,mid,5,15,60.0,26.67,2.384,2.0,1.0,10.0,LOW-N
BF_M2M3M4,live-9,full,C,mid,10,15,93.33,46.67,2.226,3.0,1.5,43.33,LOW-N
BF_M2M3M4,live-9,full,C,mid,20,14,100.0,71.43,2.343,9.0,2.0,50.0,LOW-N
BF_M2M3M4,live-9,full,F,early,5,8,50.0,37.5,2.688,4.0,2.0,0.0,LOW-N
BF_M2M3M4,live-9,full,F,early,10,8,50.0,50.0,2.753,6.5,2.0,0.0,LOW-N
BF_M2M3M4,live-9,full,F,early,20,8,100.0,87.5,2.85,9.0,2.5,50.0,LOW-N
BF_M2M3M4,live-9,full,F,established,5,0,,,,,,,
BF_M2M3M4,live-9,full,F,established,10,0,,,,,,,
BF_M2M3M4,live-9,full,F,established,20,0,,,,,,,
BF_M2M3M4,live-9,full,F,mid,5,12,83.33,41.67,2.336,2.0,1.5,33.33,LOW-N
BF_M2M3M4,live-9,full,F,mid,10,12,83.33,41.67,2.45,3.0,1.5,33.33,LOW-N
BF_M2M3M4,live-9,full,F,mid,20,12,91.67,41.67,2.474,3.0,2.0,41.67,LOW-N
BF_M2M3M4,live-9,full,MB,early,5,17,0.0,17.65,2.516,3.0,,-50.0,LOW-N
BF_M2M3M4,live-9,full,MB,early,10,17,29.41,17.65,2.516,3.0,7.0,-20.59,LOW-N
BF_M2M3M4,live-9,full,MB,early,20,17,100.0,29.41,2.315,5.0,8.0,50.0,LOW-N
BF_M2M3M4,live-9,full,MB,established,5,1,0.0,0.0,,,,-50.0,LOW-N
BF_M2M3M4,live-9,full,MB,established,10,1,0.0,0.0,,,,-50.0,LOW-N
BF_M2M3M4,live-9,full,MB,established,20,1,0.0,0.0,,,,-50.0,LOW-N
BF_M2M3M4,live-9,full,MB,mid,5,23,34.78,39.13,2.081,2.0,2.0,-15.22,
BF_M2M3M4,live-9,full,MB,mid,10,23,39.13,47.83,2.027,2.0,2.0,-10.87,
BF_M2M3M4,live-9,full,MB,mid,20,23,60.87,52.17,2.136,2.5,4.0,10.87,
BF_M2M3M4,live-9,full,SB,early,5,18,22.22,66.67,2.749,4.0,2.5,-27.78,LOW-N
BF_M2M3M4,live-9,full,SB,early,10,18,55.56,77.78,2.871,5.0,5.5,5.56,LOW-N
BF_M2M3M4,live-9,full,SB,early,20,18,88.89,83.33,2.834,5.0,7.5,38.89,LOW-N
BF_M2M3M4,live-9,full,SB,established,5,56,35.71,50.0,2.675,3.0,3.0,-14.29,
BF_M2M3M4,live-9,full,SB,established,10,56,50.0,58.93,2.792,4.0,3.0,0.0,
BF_M2M3M4,live-9,full,SB,established,20,56,71.43,71.43,2.866,10.5,3.0,21.43,
BF_M2M3M4,live-9,full,SB,mid,5,69,62.32,27.54,2.417,1.0,2.0,12.32,
BF_M2M3M4,live-9,full,SB,mid,10,69,82.61,39.13,2.507,3.0,2.0,32.61,
BF_M2M3M4,live-9,full,SB,mid,20,69,91.3,47.83,2.574,9.0,2.0,41.3,
BF_M2M3M4,live-9,full,TB,early,5,6,0.0,33.33,2.61,1.5,,-50.0,LOW-N
BF_M2M3M4,live-9,full,TB,early,10,6,33.33,66.67,3.051,4.0,6.5,-16.67,LOW-N
BF_M2M3M4,live-9,full,TB,early,20,6,50.0,83.33,3.069,7.0,7.0,0.0,LOW-N
BF_M2M3M4,live-9,full,TB,established,5,3,0.0,33.33,2.412,2.0,,-50.0,LOW-N
BF_M2M3M4,live-9,full,TB,established,10,3,33.33,33.33,2.412,2.0,1.0,-16.67,LOW-N
BF_M2M3M4,live-9,full,TB,established,20,3,100.0,33.33,2.412,2.0,2.0,50.0,LOW-N
BF_M2M3M4,live-9,full,TB,mid,5,8,50.0,37.5,2.425,2.0,1.5,0.0,LOW-N
BF_M2M3M4,live-9,full,TB,mid,10,8,50.0,62.5,2.501,3.0,1.5,0.0,LOW-N
BF_M2M3M4,live-9,full,TB,mid,20,8,87.5,75.0,2.398,4.5,1.0,37.5,LOW-N
BF_M3M4M5,live-9,full,C,early,5,8,25.0,0.0,,,2.5,-25.0,LOW-N
BF_M3M4M5,live-9,full,C,early,10,8,37.5,0.0,,,3.0,-12.5,LOW-N
BF_M3M4M5,live-9,full,C,early,20,8,87.5,12.5,2.516,13.0,8.0,37.5,LOW-N
BF_M3M4M5,live-9,full,C,established,5,134,33.58,51.49,2.47,2.0,2.0,-16.42,
BF_M3M4M5,live-9,full,C,established,10,134,65.67,55.22,2.495,2.0,3.0,15.67,
BF_M3M4M5,live-9,full,C,established,20,132,87.88,68.18,2.655,4.0,4.0,37.88,
BF_M3M4M5,live-9,full,C,mid,5,28,50.0,39.29,2.194,2.0,1.0,0.0,
BF_M3M4M5,live-9,full,C,mid,10,28,64.29,42.86,2.271,2.5,1.5,14.29,
BF_M3M4M5,live-9,full,C,mid,20,26,88.46,42.31,2.323,3.0,2.0,38.46,
BF_M3M4M5,live-9,full,F,early,5,9,33.33,11.11,2.109,3.0,1.0,-16.67,LOW-N
BF_M3M4M5,live-9,full,F,early,10,9,44.44,22.22,2.024,4.5,1.0,-5.56,LOW-N
BF_M3M4M5,live-9,full,F,early,20,9,100.0,55.56,2.216,18.0,2.0,50.0,LOW-N
BF_M3M4M5,live-9,full,F,established,5,0,,,,,,,
BF_M3M4M5,live-9,full,F,established,10,0,,,,,,,
BF_M3M4M5,live-9,full,F,established,20,0,,,,,,,
BF_M3M4M5,live-9,full,F,mid,5,9,88.89,44.44,2.606,2.5,1.0,38.89,LOW-N
BF_M3M4M5,live-9,full,F,mid,10,9,88.89,44.44,2.606,2.5,1.0,38.89,LOW-N
BF_M3M4M5,live-9,full,F,mid,20,9,100.0,44.44,2.606,2.5,1.0,50.0,LOW-N
BF_M3M4M5,live-9,full,MB,early,5,13,15.38,15.38,2.136,1.0,2.5,-34.62,LOW-N
BF_M3M4M5,live-9,full,MB,early,10,13,61.54,15.38,2.136,1.0,6.0,11.54,LOW-N
BF_M3M4M5,live-9,full,MB,early,20,13,100.0,23.08,2.522,1.0,5.0,50.0,LOW-N
BF_M3M4M5,live-9,full,MB,established,5,0,,,,,,,
BF_M3M4M5,live-9,full,MB,established,10,0,,,,,,,
BF_M3M4M5,live-9,full,MB,established,20,0,,,,,,,
BF_M3M4M5,live-9,full,MB,mid,5,23,34.78,21.74,2.022,1.0,1.0,-15.22,
BF_M3M4M5,live-9,full,MB,mid,10,23,34.78,26.09,2.076,1.5,1.0,-15.22,
BF_M3M4M5,live-9,full,MB,mid,20,23,65.22,47.83,2.193,12.0,3.0,15.22,
BF_M3M4M5,live-9,full,SB,early,5,22,18.18,31.82,2.536,3.0,2.5,-31.82,
BF_M3M4M5,live-9,full,SB,early,10,22,36.36,36.36,2.468,3.5,4.0,-13.64,
BF_M3M4M5,live-9,full,SB,early,20,22,77.27,45.45,2.551,4.5,6.0,27.27,
BF_M3M4M5,live-9,full,SB,established,5,51,41.18,37.25,2.042,1.0,2.0,-8.82,
BF_M3M4M5,live-9,full,SB,established,10,51,64.71,47.06,2.257,2.0,2.0,14.71,
BF_M3M4M5,live-9,full,SB,established,20,51,82.35,60.78,2.263,6.0,2.0,32.35,
BF_M3M4M5,live-9,full,SB,mid,5,70,47.14,37.14,2.247,2.0,2.0,-2.86,
BF_M3M4M5,live-9,full,SB,mid,10,70,64.29,42.86,2.393,2.0,2.0,14.29,
BF_M3M4M5,live-9,full,SB,mid,20,70,84.29,54.29,2.456,5.5,3.0,34.29,
BF_M3M4M5,live-9,full,TB,early,5,7,0.0,14.29,1.772,1.0,,-50.0,LOW-N
BF_M3M4M5,live-9,full,TB,early,10,7,28.57,14.29,1.772,1.0,6.0,-21.43,LOW-N
BF_M3M4M5,live-9,full,TB,early,20,7,57.14,14.29,1.772,1.0,11.5,7.14,LOW-N
BF_M3M4M5,live-9,full,TB,established,5,3,0.0,33.33,2.209,1.0,,-50.0,LOW-N
BF_M3M4M5,live-9,full,TB,established,10,3,0.0,33.33,2.209,1.0,,-50.0,LOW-N
BF_M3M4M5,live-9,full,TB,established,20,3,100.0,100.0,2.444,18.0,1.0,50.0,LOW-N
BF_M3M4M5,live-9,full,TB,mid,5,13,46.15,30.77,2.266,1.5,2.0,-3.85,LOW-N
BF_M3M4M5,live-9,full,TB,mid,10,13,46.15,38.46,2.328,5.0,2.0,-3.85,LOW-N
BF_M3M4M5,live-9,full,TB,mid,20,13,76.92,84.62,2.514,16.0,2.5,26.92,LOW-N
BF_M4M5M6,live-9,full,C,early,5,8,75.0,25.0,1.958,4.5,2.0,25.0,LOW-N
BF_M4M5M6,live-9,full,C,early,10,8,100.0,62.5,2.12,7.0,3.0,50.0,LOW-N
BF_M4M5M6,live-9,full,C,early,20,8,100.0,75.0,2.148,7.0,3.0,50.0,LOW-N
BF_M4M5M6,live-9,full,C,established,5,107,21.5,47.66,2.127,2.0,2.0,-28.5,
BF_M4M5M6,live-9,full,C,established,10,107,41.12,57.94,2.208,4.0,3.0,-8.88,
BF_M4M5M6,live-9,full,C,established,20,107,78.5,67.29,2.434,6.0,5.0,28.5,
BF_M4M5M6,live-9,full,C,mid,5,17,29.41,29.41,2.124,1.0,1.0,-20.59,LOW-N
BF_M4M5M6,live-9,full,C,mid,10,17,41.18,35.29,2.05,1.5,1.0,-8.82,LOW-N
BF_M4M5M6,live-9,full,C,mid,20,17,64.71,35.29,2.05,1.5,2.0,14.71,LOW-N
BF_M4M5M6,live-9,full,F,early,5,8,25.0,25.0,1.804,1.0,1.5,-25.0,LOW-N
BF_M4M5M6,live-9,full,F,early,10,8,37.5,37.5,2.245,8.0,2.0,-12.5,LOW-N
BF_M4M5M6,live-9,full,F,early,20,8,100.0,62.5,2.317,16.0,5.0,50.0,LOW-N
BF_M4M5M6,live-9,full,F,established,5,0,,,,,,,
BF_M4M5M6,live-9,full,F,established,10,0,,,,,,,
BF_M4M5M6,live-9,full,F,established,20,0,,,,,,,
BF_M4M5M6,live-9,full,F,mid,5,10,50.0,10.0,2.33,2.0,1.0,0.0,LOW-N
BF_M4M5M6,live-9,full,F,mid,10,10,50.0,10.0,2.33,2.0,1.0,0.0,LOW-N
BF_M4M5M6,live-9,full,F,mid,20,10,80.0,10.0,2.33,2.0,1.0,30.0,LOW-N
BF_M4M5M6,live-9,full,MB,early,5,1,100.0,0.0,,,1.0,50.0,LOW-N
BF_M4M5M6,live-9,full,MB,early,10,1,100.0,0.0,,,1.0,50.0,LOW-N
BF_M4M5M6,live-9,full,MB,early,20,1,100.0,0.0,,,1.0,50.0,LOW-N
BF_M4M5M6,live-9,full,MB,established,5,0,,,,,,,
BF_M4M5M6,live-9,full,MB,established,10,0,,,,,,,
BF_M4M5M6,live-9,full,MB,established,20,0,,,,,,,
BF_M4M5M6,live-9,full,MB,mid,5,9,66.67,0.0,,,1.0,16.67,LOW-N
BF_M4M5M6,live-9,full,MB,mid,10,9,66.67,11.11,2.352,10.0,1.0,16.67,LOW-N
BF_M4M5M6,live-9,full,MB,mid,20,9,77.78,22.22,2.352,13.5,1.0,27.78,LOW-N
BF_M4M5M6,live-9,full,SB,early,5,11,18.18,27.27,2.296,2.0,2.0,-31.82,LOW-N
BF_M4M5M6,live-9,full,SB,early,10,11,45.45,36.36,2.217,2.5,3.0,-4.55,LOW-N
BF_M4M5M6,live-9,full,SB,early,20,11,81.82,54.55,2.116,5.5,2.0,31.82,LOW-N
BF_M4M5M6,live-9,full,SB,established,5,52,50.0,36.54,2.329,2.0,1.5,0.0,
BF_M4M5M6,live-9,full,SB,established,10,52,71.15,44.23,2.333,3.0,2.0,21.15,
BF_M4M5M6,live-9,full,SB,established,20,52,82.69,53.85,2.357,4.5,2.0,32.69,
BF_M4M5M6,live-9,full,SB,mid,5,53,45.28,24.53,2.48,2.0,1.5,-4.72,
BF_M4M5M6,live-9,full,SB,mid,10,53,52.83,30.19,2.37,3.5,2.0,2.83,
BF_M4M5M6,live-9,full,SB,mid,20,53,79.25,56.6,2.458,11.5,2.0,29.25,
BF_M4M5M6,live-9,full,TB,early,5,3,0.0,33.33,1.714,4.0,,-50.0,LOW-N
BF_M4M5M6,live-9,full,TB,early,10,3,0.0,33.33,1.714,4.0,,-50.0,LOW-N
BF_M4M5M6,live-9,full,TB,early,20,3,0.0,33.33,1.714,4.0,,-50.0,LOW-N
BF_M4M5M6,live-9,full,TB,established,5,1,100.0,0.0,,,2.0,50.0,LOW-N
BF_M4M5M6,live-9,full,TB,established,10,1,100.0,0.0,,,2.0,50.0,LOW-N
BF_M4M5M6,live-9,full,TB,established,20,1,100.0,0.0,,,2.0,50.0,LOW-N
BF_M4M5M6,live-9,full,TB,mid,5,6,50.0,16.67,2.447,2.0,2.0,0.0,LOW-N
BF_M4M5M6,live-9,full,TB,mid,10,6,50.0,50.0,2.394,8.0,2.0,0.0,LOW-N
BF_M4M5M6,live-9,full,TB,mid,20,6,100.0,66.67,2.368,9.0,8.0,50.0,LOW-N
M6-M7,back-month-5,2008-2017,C,early,5,0,,,,,,,
M6-M7,back-month-5,2008-2017,C,early,10,0,,,,,,,
M6-M7,back-month-5,2008-2017,C,early,20,0,,,,,,,
M6-M7,back-month-5,2008-2017,C,established,5,32,18.75,40.62,2.178,2.0,1.0,-31.25,
M6-M7,back-month-5,2008-2017,C,established,10,32,34.38,46.88,2.222,2.0,2.0,-15.62,
M6-M7,back-month-5,2008-2017,C,established,20,32,62.5,53.12,2.251,2.0,2.5,12.5,
M6-M7,back-month-5,2008-2017,C,mid,5,3,33.33,0.0,,,1.0,-16.67,LOW-N
M6-M7,back-month-5,2008-2017,C,mid,10,3,66.67,0.0,,,1.5,16.67,LOW-N
M6-M7,back-month-5,2008-2017,C,mid,20,3,66.67,0.0,,,1.5,16.67,LOW-N
M6-M7,back-month-5,2008-2017,F,early,5,0,,,,,,,
M6-M7,back-month-5,2008-2017,F,early,10,0,,,,,,,
M6-M7,back-month-5,2008-2017,F,early,20,0,,,,,,,
M6-M7,back-month-5,2008-2017,F,established,5,0,,,,,,,
M6-M7,back-month-5,2008-2017,F,established,10,0,,,,,,,
M6-M7,back-month-5,2008-2017,F,established,20,0,,,,,,,
M6-M7,back-month-5,2008-2017,F,mid,5,0,,,,,,,
M6-M7,back-month-5,2008-2017,F,mid,10,0,,,,,,,
M6-M7,back-month-5,2008-2017,F,mid,20,0,,,,,,,
M6-M7,back-month-5,2008-2017,MB,early,5,1,0.0,0.0,,,,-50.0,LOW-N
M6-M7,back-month-5,2008-2017,MB,early,10,1,0.0,0.0,,,,-50.0,LOW-N
M6-M7,back-month-5,2008-2017,MB,early,20,1,0.0,0.0,,,,-50.0,LOW-N
M6-M7,back-month-5,2008-2017,MB,established,5,0,,,,,,,
M6-M7,back-month-5,2008-2017,MB,established,10,0,,,,,,,
M6-M7,back-month-5,2008-2017,MB,established,20,0,,,,,,,
M6-M7,back-month-5,2008-2017,MB,mid,5,7,14.29,0.0,,,1.0,-35.71,LOW-N
M6-M7,back-month-5,2008-2017,MB,mid,10,7,14.29,0.0,,,1.0,-35.71,LOW-N
M6-M7,back-month-5,2008-2017,MB,mid,20,7,14.29,0.0,,,1.0,-35.71,LOW-N
M6-M7,back-month-5,2008-2017,SB,early,5,2,0.0,50.0,2.655,1.0,,-50.0,LOW-N
M6-M7,back-month-5,2008-2017,SB,early,10,2,0.0,50.0,2.655,1.0,,-50.0,LOW-N
M6-M7,back-month-5,2008-2017,SB,early,20,2,0.0,50.0,2.655,1.0,,-50.0,LOW-N
M6-M7,back-month-5,2008-2017,SB,established,5,12,75.0,8.33,2.071,1.0,1.0,25.0,LOW-N
M6-M7,back-month-5,2008-2017,SB,established,10,12,75.0,41.67,3.307,8.0,1.0,25.0,LOW-N
M6-M7,back-month-5,2008-2017,SB,established,20,12,75.0,58.33,3.065,9.0,1.0,25.0,LOW-N
M6-M7,back-month-5,2008-2017,SB,mid,5,5,60.0,0.0,,,1.0,10.0,LOW-N
M6-M7,back-month-5,2008-2017,SB,mid,10,5,60.0,0.0,,,1.0,10.0,LOW-N
M6-M7,back-month-5,2008-2017,SB,mid,20,5,60.0,0.0,,,1.0,10.0,LOW-N
M6-M7,back-month-5,2008-2017,TB,early,5,0,,,,,,,
M6-M7,back-month-5,2008-2017,TB,early,10,0,,,,,,,
M6-M7,back-month-5,2008-2017,TB,early,20,0,,,,,,,
M6-M7,back-month-5,2008-2017,TB,established,5,0,,,,,,,
M6-M7,back-month-5,2008-2017,TB,established,10,0,,,,,,,
M6-M7,back-month-5,2008-2017,TB,established,20,0,,,,,,,
M6-M7,back-month-5,2008-2017,TB,mid,5,3,0.0,33.33,2.024,1.0,,-50.0,LOW-N
M6-M7,back-month-5,2008-2017,TB,mid,10,3,0.0,33.33,2.024,1.0,,-50.0,LOW-N
M6-M7,back-month-5,2008-2017,TB,mid,20,3,0.0,33.33,2.024,1.0,,-50.0,LOW-N
M6-M7,back-month-5,2018+,C,early,5,0,,,,,,,
M6-M7,back-month-5,2018+,C,early,10,0,,,,,,,
M6-M7,back-month-5,2018+,C,early,20,0,,,,,,,
M6-M7,back-month-5,2018+,C,established,5,146,4.11,59.59,2.433,3.0,1.0,-45.89,
M6-M7,back-month-5,2018+,C,established,10,146,10.27,69.86,2.522,4.0,2.0,-39.73,
M6-M7,back-month-5,2018+,C,established,20,146,26.71,74.66,2.566,6.0,6.0,-23.29,
M6-M7,back-month-5,2018+,C,mid,5,8,37.5,12.5,2.26,2.0,1.0,-12.5,LOW-N
M6-M7,back-month-5,2018+,C,mid,10,8,50.0,12.5,2.26,2.0,1.5,0.0,LOW-N
M6-M7,back-month-5,2018+,C,mid,20,8,62.5,25.0,1.923,10.0,2.0,12.5,LOW-N
M6-M7,back-month-5,2018+,F,early,5,0,,,,,,,
M6-M7,back-month-5,2018+,F,early,10,0,,,,,,,
M6-M7,back-month-5,2018+,F,early,20,0,,,,,,,
M6-M7,back-month-5,2018+,F,established,5,0,,,,,,,
M6-M7,back-month-5,2018+,F,established,10,0,,,,,,,
M6-M7,back-month-5,2018+,F,established,20,0,,,,,,,
M6-M7,back-month-5,2018+,F,mid,5,8,37.5,25.0,2.283,2.5,1.0,-12.5,LOW-N
M6-M7,back-month-5,2018+,F,mid,10,8,62.5,25.0,2.283,2.5,2.0,12.5,LOW-N
M6-M7,back-month-5,2018+,F,mid,20,8,87.5,25.0,2.283,2.5,5.0,37.5,LOW-N
M6-M7,back-month-5,2018+,MB,early,5,0,,,,,,,
M6-M7,back-month-5,2018+,MB,early,10,0,,,,,,,
M6-M7,back-month-5,2018+,MB,early,20,0,,,,,,,
M6-M7,back-month-5,2018+,MB,established,5,1,0.0,0.0,,,,-50.0,LOW-N
M6-M7,back-month-5,2018+,MB,established,10,1,0.0,100.0,1.833,10.0,,-50.0,LOW-N
M6-M7,back-month-5,2018+,MB,established,20,1,0.0,100.0,2.696,11.0,,-50.0,LOW-N
M6-M7,back-month-5,2018+,MB,mid,5,9,55.56,33.33,2.128,1.0,1.0,5.56,LOW-N
M6-M7,back-month-5,2018+,MB,mid,10,9,66.67,33.33,2.128,1.0,1.5,16.67,LOW-N
M6-M7,back-month-5,2018+,MB,mid,20,9,66.67,44.44,2.362,10.5,1.5,16.67,LOW-N
M6-M7,back-month-5,2018+,SB,early,5,0,,,,,,,
M6-M7,back-month-5,2018+,SB,early,10,0,,,,,,,
M6-M7,back-month-5,2018+,SB,early,20,0,,,,,,,
M6-M7,back-month-5,2018+,SB,established,5,79,10.13,46.84,2.502,2.0,1.0,-39.87,
M6-M7,back-month-5,2018+,SB,established,10,79,20.25,53.16,2.637,3.0,3.0,-29.75,
M6-M7,back-month-5,2018+,SB,established,20,79,40.51,55.7,2.712,3.0,4.0,-9.49,
M6-M7,back-month-5,2018+,SB,mid,5,37,51.35,37.84,2.223,2.0,2.0,1.35,
M6-M7,back-month-5,2018+,SB,mid,10,37,51.35,48.65,2.253,4.0,2.0,1.35,
M6-M7,back-month-5,2018+,SB,mid,20,37,70.27,59.46,2.37,6.5,2.0,20.27,
M6-M7,back-month-5,2018+,TB,early,5,0,,,,,,,
M6-M7,back-month-5,2018+,TB,early,10,0,,,,,,,
M6-M7,back-month-5,2018+,TB,early,20,0,,,,,,,
M6-M7,back-month-5,2018+,TB,established,5,2,0.0,0.0,,,,-50.0,LOW-N
M6-M7,back-month-5,2018+,TB,established,10,2,0.0,50.0,2.533,10.0,,-50.0,LOW-N
M6-M7,back-month-5,2018+,TB,established,20,2,100.0,100.0,2.533,11.0,13.0,50.0,LOW-N
M6-M7,back-month-5,2018+,TB,mid,5,0,,,,,,,
M6-M7,back-month-5,2018+,TB,mid,10,0,,,,,,,
M6-M7,back-month-5,2018+,TB,mid,20,0,,,,,,,
M7-M8,back-month-5,2018+,C,early,5,0,,,,,,,
M7-M8,back-month-5,2018+,C,early,10,0,,,,,,,
M7-M8,back-month-5,2018+,C,early,20,0,,,,,,,
M7-M8,back-month-5,2018+,C,established,5,136,10.29,54.41,2.443,2.0,2.0,-39.71,
M7-M8,back-month-5,2018+,C,established,10,134,15.67,57.46,2.497,3.0,2.0,-34.33,
M7-M8,back-month-5,2018+,C,established,20,132,37.12,68.18,2.552,4.0,4.0,-12.88,
M7-M8,back-month-5,2018+,C,mid,5,19,47.37,31.58,2.142,2.5,1.0,-2.63,LOW-N
M7-M8,back-month-5,2018+,C,mid,10,19,52.63,36.84,2.112,3.0,1.0,2.63,LOW-N
M7-M8,back-month-5,2018+,C,mid,20,19,78.95,52.63,2.184,5.0,2.0,28.95,LOW-N
M7-M8,back-month-5,2018+,F,early,5,0,,,,,,,
M7-M8,back-month-5,2018+,F,early,10,0,,,,,,,
M7-M8,back-month-5,2018+,F,early,20,0,,,,,,,
M7-M8,back-month-5,2018+,F,established,5,0,,,,,,,
M7-M8,back-month-5,2018+,F,established,10,0,,,,,,,
M7-M8,back-month-5,2018+,F,established,20,0,,,,,,,
M7-M8,back-month-5,2018+,F,mid,5,7,57.14,28.57,2.344,3.0,2.0,7.14,LOW-N
M7-M8,back-month-5,2018+,F,mid,10,7,71.43,28.57,2.344,3.0,2.0,21.43,LOW-N
M7-M8,back-month-5,2018+,F,mid,20,7,85.71,28.57,2.344,3.0,3.0,35.71,LOW-N
M7-M8,back-month-5,2018+,MB,early,5,0,,,,,,,
M7-M8,back-month-5,2018+,MB,early,10,0,,,,,,,
M7-M8,back-month-5,2018+,MB,early,20,0,,,,,,,
M7-M8,back-month-5,2018+,MB,established,5,0,,,,,,,
M7-M8,back-month-5,2018+,MB,established,10,0,,,,,,,
M7-M8,back-month-5,2018+,MB,established,20,0,,,,,,,
M7-M8,back-month-5,2018+,MB,mid,5,11,45.45,36.36,1.962,1.0,3.0,-4.55,LOW-N
M7-M8,back-month-5,2018+,MB,mid,10,11,54.55,36.36,1.962,1.0,3.5,4.55,LOW-N
M7-M8,back-month-5,2018+,MB,mid,20,11,63.64,63.64,2.014,17.0,4.0,13.64,LOW-N
M7-M8,back-month-5,2018+,SB,early,5,0,,,,,,,
M7-M8,back-month-5,2018+,SB,early,10,0,,,,,,,
M7-M8,back-month-5,2018+,SB,early,20,0,,,,,,,
M7-M8,back-month-5,2018+,SB,established,5,81,12.35,54.32,2.296,2.5,2.0,-37.65,
M7-M8,back-month-5,2018+,SB,established,10,81,19.75,60.49,2.335,3.0,2.5,-30.25,
M7-M8,back-month-5,2018+,SB,established,20,81,40.74,65.43,2.386,4.0,8.0,-9.26,
M7-M8,back-month-5,2018+,SB,mid,5,43,34.88,48.84,2.279,3.0,2.0,-15.12,
M7-M8,back-month-5,2018+,SB,mid,10,43,53.49,53.49,2.344,3.0,2.0,3.49,
M7-M8,back-month-5,2018+,SB,mid,20,43,74.42,62.79,2.386,5.0,4.0,24.42,
M7-M8,back-month-5,2018+,TB,early,5,0,,,,,,,
M7-M8,back-month-5,2018+,TB,early,10,0,,,,,,,
M7-M8,back-month-5,2018+,TB,early,20,0,,,,,,,
M7-M8,back-month-5,2018+,TB,established,5,2,0.0,50.0,2.291,1.0,,-50.0,LOW-N
M7-M8,back-month-5,2018+,TB,established,10,2,0.0,50.0,2.291,1.0,,-50.0,LOW-N
M7-M8,back-month-5,2018+,TB,established,20,2,100.0,50.0,2.291,1.0,15.5,50.0,LOW-N
M7-M8,back-month-5,2018+,TB,mid,5,0,,,,,,,
M7-M8,back-month-5,2018+,TB,mid,10,0,,,,,,,
M7-M8,back-month-5,2018+,TB,mid,20,0,,,,,,,
M8-M9,back-month-5,2018+,C,early,5,0,,,,,,,
M8-M9,back-month-5,2018+,C,early,10,0,,,,,,,
M8-M9,back-month-5,2018+,C,early,20,0,,,,,,,
M8-M9,back-month-5,2018+,C,established,5,108,25.93,56.48,2.468,3.0,1.0,-24.07,
M8-M9,back-month-5,2018+,C,established,10,105,32.38,65.71,2.491,3.0,2.0,-17.62,
M8-M9,back-month-5,2018+,C,established,20,104,59.62,75.0,2.568,5.0,4.5,9.62,
M8-M9,back-month-5,2018+,C,mid,5,16,50.0,25.0,2.275,1.0,1.0,0.0,LOW-N
M8-M9,back-month-5,2018+,C,mid,10,16,56.25,25.0,2.275,1.0,1.0,6.25,LOW-N
M8-M9,back-month-5,2018+,C,mid,20,16,93.75,50.0,2.317,13.5,3.0,43.75,LOW-N
M8-M9,back-month-5,2018+,F,early,5,0,,,,,,,
M8-M9,back-month-5,2018+,F,early,10,0,,,,,,,
M8-M9,back-month-5,2018+,F,early,20,0,,,,,,,
M8-M9,back-month-5,2018+,F,established,5,0,,,,,,,
M8-M9,back-month-5,2018+,F,established,10,0,,,,,,,
M8-M9,back-month-5,2018+,F,established,20,0,,,,,,,
M8-M9,back-month-5,2018+,F,mid,5,5,60.0,40.0,1.831,2.0,2.0,10.0,LOW-N
M8-M9,back-month-5,2018+,F,mid,10,5,60.0,40.0,1.831,2.0,2.0,10.0,LOW-N
M8-M9,back-month-5,2018+,F,mid,20,5,60.0,60.0,1.832,3.0,2.0,10.0,LOW-N
M8-M9,back-month-5,2018+,MB,early,5,0,,,,,,,
M8-M9,back-month-5,2018+,MB,early,10,0,,,,,,,
M8-M9,back-month-5,2018+,MB,early,20,0,,,,,,,
M8-M9,back-month-5,2018+,MB,established,5,0,,,,,,,
M8-M9,back-month-5,2018+,MB,established,10,0,,,,,,,
M8-M9,back-month-5,2018+,MB,established,20,0,,,,,,,
M8-M9,back-month-5,2018+,MB,mid,5,13,46.15,15.38,2.865,1.0,1.0,-3.85,LOW-N
M8-M9,back-month-5,2018+,MB,mid,10,13,53.85,23.08,2.508,1.0,1.0,3.85,LOW-N
M8-M9,back-month-5,2018+,MB,mid,20,13,92.31,38.46,2.296,6.0,1.5,42.31,LOW-N
M8-M9,back-month-5,2018+,SB,early,5,0,,,,,,,
M8-M9,back-month-5,2018+,SB,early,10,0,,,,,,,
M8-M9,back-month-5,2018+,SB,early,20,0,,,,,,,
M8-M9,back-month-5,2018+,SB,established,5,58,18.97,53.45,2.262,3.0,3.0,-31.03,
M8-M9,back-month-5,2018+,SB,established,10,58,31.03,56.9,2.354,3.0,3.5,-18.97,
M8-M9,back-month-5,2018+,SB,established,20,58,50.0,68.97,2.509,5.5,6.0,0.0,
M8-M9,back-month-5,2018+,SB,mid,5,37,43.24,37.84,2.106,2.0,1.0,-6.76,
M8-M9,back-month-5,2018+,SB,mid,10,37,70.27,43.24,2.186,2.5,2.0,20.27,
M8-M9,back-month-5,2018+,SB,mid,20,37,86.49,56.76,2.174,4.0,3.0,36.49,
M8-M9,back-month-5,2018+,TB,early,5,0,,,,,,,
M8-M9,back-month-5,2018+,TB,early,10,0,,,,,,,
M8-M9,back-month-5,2018+,TB,early,20,0,,,,,,,
M8-M9,back-month-5,2018+,TB,established,5,4,0.0,25.0,2.401,1.0,,-50.0,LOW-N
M8-M9,back-month-5,2018+,TB,established,10,4,0.0,25.0,2.401,1.0,,-50.0,LOW-N
M8-M9,back-month-5,2018+,TB,established,20,4,100.0,50.0,2.312,9.0,8.0,50.0,LOW-N
M8-M9,back-month-5,2018+,TB,mid,5,2,0.0,100.0,2.434,4.5,,-50.0,LOW-N
M8-M9,back-month-5,2018+,TB,mid,10,2,0.0,100.0,2.434,4.5,,-50.0,LOW-N
M8-M9,back-month-5,2018+,TB,mid,20,2,100.0,100.0,2.434,4.5,10.5,50.0,LOW-N
BF_M6M7M8,back-month-5,2018+,C,early,5,0,,,,,,,
BF_M6M7M8,back-month-5,2018+,C,early,10,0,,,,,,,
BF_M6M7M8,back-month-5,2018+,C,early,20,0,,,,,,,
BF_M6M7M8,back-month-5,2018+,C,established,5,67,59.7,47.76,2.333,3.0,1.0,9.7,
BF_M6M7M8,back-month-5,2018+,C,established,10,66,74.24,53.03,2.349,3.0,1.0,24.24,
BF_M6M7M8,back-month-5,2018+,C,established,20,63,96.83,69.84,2.59,8.5,2.0,46.83,
BF_M6M7M8,back-month-5,2018+,C,mid,5,14,64.29,42.86,2.584,4.5,1.0,14.29,LOW-N
BF_M6M7M8,back-month-5,2018+,C,mid,10,14,71.43,42.86,2.593,4.5,1.0,21.43,LOW-N
BF_M6M7M8,back-month-5,2018+,C,mid,20,11,72.73,63.64,2.563,15.0,2.0,22.73,LOW-N
BF_M6M7M8,back-month-5,2018+,F,early,5,0,,,,,,,
BF_M6M7M8,back-month-5,2018+,F,early,10,0,,,,,,,
BF_M6M7M8,back-month-5,2018+,F,early,20,0,,,,,,,
BF_M6M7M8,back-month-5,2018+,F,established,5,0,,,,,,,
BF_M6M7M8,back-month-5,2018+,F,established,10,0,,,,,,,
BF_M6M7M8,back-month-5,2018+,F,established,20,0,,,,,,,
BF_M6M7M8,back-month-5,2018+,F,mid,5,7,42.86,28.57,2.387,2.0,1.0,-7.14,LOW-N
BF_M6M7M8,back-month-5,2018+,F,mid,10,7,57.14,28.57,2.387,2.0,1.0,7.14,LOW-N
BF_M6M7M8,back-month-5,2018+,F,mid,20,7,85.71,28.57,2.387,2.0,1.5,35.71,LOW-N
BF_M6M7M8,back-month-5,2018+,MB,early,5,0,,,,,,,
BF_M6M7M8,back-month-5,2018+,MB,early,10,0,,,,,,,
BF_M6M7M8,back-month-5,2018+,MB,early,20,0,,,,,,,
BF_M6M7M8,back-month-5,2018+,MB,established,5,0,,,,,,,
BF_M6M7M8,back-month-5,2018+,MB,established,10,0,,,,,,,
BF_M6M7M8,back-month-5,2018+,MB,established,20,0,,,,,,,
BF_M6M7M8,back-month-5,2018+,MB,mid,5,15,46.67,46.67,2.698,3.0,1.0,-3.33,LOW-N
BF_M6M7M8,back-month-5,2018+,MB,mid,10,15,53.33,60.0,2.505,4.0,1.0,3.33,LOW-N
BF_M6M7M8,back-month-5,2018+,MB,mid,20,15,60.0,66.67,2.484,4.0,1.0,10.0,LOW-N
BF_M6M7M8,back-month-5,2018+,SB,early,5,0,,,,,,,
BF_M6M7M8,back-month-5,2018+,SB,early,10,0,,,,,,,
BF_M6M7M8,back-month-5,2018+,SB,early,20,0,,,,,,,
BF_M6M7M8,back-month-5,2018+,SB,established,5,38,71.05,44.74,2.45,3.0,1.0,21.05,
BF_M6M7M8,back-month-5,2018+,SB,established,10,38,86.84,50.0,2.541,3.0,1.0,36.84,
BF_M6M7M8,back-month-5,2018+,SB,established,20,38,92.11,55.26,2.689,5.0,1.0,42.11,
BF_M6M7M8,back-month-5,2018+,SB,mid,5,35,80.0,28.57,2.185,3.0,1.5,30.0,
BF_M6M7M8,back-month-5,2018+,SB,mid,10,35,91.43,34.29,2.217,3.5,2.0,41.43,
BF_M6M7M8,back-month-5,2018+,SB,mid,20,35,94.29,54.29,2.32,14.0,2.0,44.29,
BF_M6M7M8,back-month-5,2018+,TB,early,5,0,,,,,,,
BF_M6M7M8,back-month-5,2018+,TB,early,10,0,,,,,,,
BF_M6M7M8,back-month-5,2018+,TB,early,20,0,,,,,,,
BF_M6M7M8,back-month-5,2018+,TB,established,5,0,,,,,,,
BF_M6M7M8,back-month-5,2018+,TB,established,10,0,,,,,,,
BF_M6M7M8,back-month-5,2018+,TB,established,20,0,,,,,,,
BF_M6M7M8,back-month-5,2018+,TB,mid,5,0,,,,,,,
BF_M6M7M8,back-month-5,2018+,TB,mid,10,0,,,,,,,
BF_M6M7M8,back-month-5,2018+,TB,mid,20,0,,,,,,,
BF_M7M8M9,back-month-5,2018+,C,early,5,0,,,,,,,
BF_M7M8M9,back-month-5,2018+,C,early,10,0,,,,,,,
BF_M7M8M9,back-month-5,2018+,C,early,20,0,,,,,,,
BF_M7M8M9,back-month-5,2018+,C,established,5,51,76.47,33.33,2.849,2.0,1.0,26.47,
BF_M7M8M9,back-month-5,2018+,C,established,10,51,90.2,47.06,2.817,3.5,1.0,40.2,
BF_M7M8M9,back-month-5,2018+,C,established,20,50,96.0,74.0,2.866,13.0,1.0,46.0,
BF_M7M8M9,back-month-5,2018+,C,mid,5,14,92.86,42.86,2.484,3.5,1.0,42.86,LOW-N
BF_M7M8M9,back-month-5,2018+,C,mid,10,14,92.86,57.14,2.712,5.0,1.0,42.86,LOW-N
BF_M7M8M9,back-month-5,2018+,C,mid,20,12,100.0,66.67,2.495,7.0,1.0,50.0,LOW-N
BF_M7M8M9,back-month-5,2018+,F,early,5,0,,,,,,,
BF_M7M8M9,back-month-5,2018+,F,early,10,0,,,,,,,
BF_M7M8M9,back-month-5,2018+,F,early,20,0,,,,,,,
BF_M7M8M9,back-month-5,2018+,F,established,5,0,,,,,,,
BF_M7M8M9,back-month-5,2018+,F,established,10,0,,,,,,,
BF_M7M8M9,back-month-5,2018+,F,established,20,0,,,,,,,
BF_M7M8M9,back-month-5,2018+,F,mid,5,6,50.0,0.0,,,1.0,0.0,LOW-N
BF_M7M8M9,back-month-5,2018+,F,mid,10,6,50.0,0.0,,,1.0,0.0,LOW-N
BF_M7M8M9,back-month-5,2018+,F,mid,20,6,50.0,16.67,1.836,20.0,1.0,0.0,LOW-N
BF_M7M8M9,back-month-5,2018+,MB,early,5,0,,,,,,,
BF_M7M8M9,back-month-5,2018+,MB,early,10,0,,,,,,,
BF_M7M8M9,back-month-5,2018+,MB,early,20,0,,,,,,,
BF_M7M8M9,back-month-5,2018+,MB,established,5,0,,,,,,,
BF_M7M8M9,back-month-5,2018+,MB,established,10,0,,,,,,,
BF_M7M8M9,back-month-5,2018+,MB,established,20,0,,,,,,,
BF_M7M8M9,back-month-5,2018+,MB,mid,5,11,90.91,18.18,2.956,2.0,1.0,40.91,LOW-N
BF_M7M8M9,back-month-5,2018+,MB,mid,10,11,90.91,27.27,2.702,3.0,1.0,40.91,LOW-N
BF_M7M8M9,back-month-5,2018+,MB,mid,20,11,90.91,36.36,2.654,4.5,1.0,40.91,LOW-N
BF_M7M8M9,back-month-5,2018+,SB,early,5,0,,,,,,,
BF_M7M8M9,back-month-5,2018+,SB,early,10,0,,,,,,,
BF_M7M8M9,back-month-5,2018+,SB,early,20,0,,,,,,,
BF_M7M8M9,back-month-5,2018+,SB,established,5,36,72.22,44.44,2.235,3.5,1.0,22.22,
BF_M7M8M9,back-month-5,2018+,SB,established,10,36,86.11,47.22,2.355,4.0,1.0,36.11,
BF_M7M8M9,back-month-5,2018+,SB,established,20,36,88.89,61.11,2.45,5.0,1.0,38.89,
BF_M7M8M9,back-month-5,2018+,SB,mid,5,31,74.19,19.35,2.004,1.5,1.0,24.19,
BF_M7M8M9,back-month-5,2018+,SB,mid,10,31,93.55,25.81,2.077,2.5,1.0,43.55,
BF_M7M8M9,back-month-5,2018+,SB,mid,20,31,96.77,32.26,2.23,5.0,1.0,46.77,
BF_M7M8M9,back-month-5,2018+,TB,early,5,0,,,,,,,
BF_M7M8M9,back-month-5,2018+,TB,early,10,0,,,,,,,
BF_M7M8M9,back-month-5,2018+,TB,early,20,0,,,,,,,
BF_M7M8M9,back-month-5,2018+,TB,established,5,2,50.0,50.0,1.681,2.0,1.0,0.0,LOW-N
BF_M7M8M9,back-month-5,2018+,TB,established,10,2,50.0,50.0,1.681,2.0,1.0,0.0,LOW-N
BF_M7M8M9,back-month-5,2018+,TB,established,20,2,100.0,100.0,2.582,12.0,7.5,50.0,LOW-N
BF_M7M8M9,back-month-5,2018+,TB,mid,5,0,,,,,,,
BF_M7M8M9,back-month-5,2018+,TB,mid,10,0,,,,,,,
BF_M7M8M9,back-month-5,2018+,TB,mid,20,0,,,,,,,
M1-M3,2-month-gap-6,full,C,early,5,4,25.0,0.0,,,3.0,-25.0,LOW-N
M1-M3,2-month-gap-6,full,C,early,10,4,50.0,25.0,1.926,6.0,6.0,0.0,LOW-N
M1-M3,2-month-gap-6,full,C,early,20,4,100.0,25.0,2.773,14.0,11.0,50.0,LOW-N
M1-M3,2-month-gap-6,full,C,established,5,140,23.57,49.29,2.477,3.0,2.0,-26.43,
M1-M3,2-month-gap-6,full,C,established,10,139,40.29,58.99,2.681,4.0,3.0,-9.71,
M1-M3,2-month-gap-6,full,C,established,20,138,64.49,64.49,2.754,5.0,4.0,14.49,
M1-M3,2-month-gap-6,full,C,mid,5,30,53.33,46.67,2.392,2.0,2.0,3.33,
M1-M3,2-month-gap-6,full,C,mid,10,30,70.0,63.33,2.466,6.0,2.0,20.0,
M1-M3,2-month-gap-6,full,C,mid,20,29,96.55,79.31,2.816,14.0,3.0,46.55,
M1-M3,2-month-gap-6,full,F,early,5,15,33.33,26.67,2.234,3.5,1.0,-16.67,LOW-N
M1-M3,2-month-gap-6,full,F,early,10,15,60.0,40.0,2.643,5.5,2.0,10.0,LOW-N
M1-M3,2-month-gap-6,full,F,early,20,15,86.67,53.33,2.712,8.5,7.0,36.67,LOW-N
M1-M3,2-month-gap-6,full,F,established,5,0,,,,,,,
M1-M3,2-month-gap-6,full,F,established,10,0,,,,,,,
M1-M3,2-month-gap-6,full,F,established,20,0,,,,,,,
M1-M3,2-month-gap-6,full,F,mid,5,14,35.71,35.71,2.205,3.0,1.0,-14.29,LOW-N
M1-M3,2-month-gap-6,full,F,mid,10,14,35.71,50.0,2.114,3.0,1.0,-14.29,LOW-N
M1-M3,2-month-gap-6,full,F,mid,20,14,71.43,50.0,2.141,3.0,2.5,21.43,LOW-N
M1-M3,2-month-gap-6,full,MB,early,5,20,0.0,5.0,2.089,1.0,,-50.0,
M1-M3,2-month-gap-6,full,MB,early,10,20,25.0,5.0,2.089,1.0,5.0,-25.0,
M1-M3,2-month-gap-6,full,MB,early,20,20,85.0,40.0,3.644,16.5,7.0,35.0,
M1-M3,2-month-gap-6,full,MB,established,5,6,0.0,50.0,2.648,1.0,,-50.0,LOW-N
M1-M3,2-month-gap-6,full,MB,established,10,6,50.0,50.0,2.648,1.0,3.0,0.0,LOW-N
M1-M3,2-month-gap-6,full,MB,established,20,6,83.33,50.0,2.648,1.0,6.0,33.33,LOW-N
M1-M3,2-month-gap-6,full,MB,mid,5,13,23.08,38.46,2.45,3.0,1.0,-26.92,LOW-N
M1-M3,2-month-gap-6,full,MB,mid,10,13,23.08,53.85,2.471,5.0,1.0,-26.92,LOW-N
M1-M3,2-month-gap-6,full,MB,mid,20,13,53.85,61.54,2.487,5.5,2.0,3.85,LOW-N
M1-M3,2-month-gap-6,full,SB,early,5,38,10.53,31.58,2.549,2.5,3.0,-39.47,
M1-M3,2-month-gap-6,full,SB,early,10,38,39.47,39.47,2.68,3.0,5.0,-10.53,
M1-M3,2-month-gap-6,full,SB,early,20,38,44.74,50.0,2.908,5.0,6.0,-5.26,
M1-M3,2-month-gap-6,full,SB,established,5,41,19.51,41.46,2.825,2.0,2.5,-30.49,
M1-M3,2-month-gap-6,full,SB,established,10,41,41.46,46.34,2.972,3.0,5.0,-8.54,
M1-M3,2-month-gap-6,full,SB,established,20,41,60.98,58.54,3.17,4.5,4.0,10.98,
M1-M3,2-month-gap-6,full,SB,mid,5,74,39.19,52.7,2.165,2.0,2.0,-10.81,
M1-M3,2-month-gap-6,full,SB,mid,10,74,50.0,63.51,2.309,3.0,3.0,0.0,
M1-M3,2-month-gap-6,full,SB,mid,20,74,74.32,70.27,2.868,8.0,3.0,24.32,
M1-M3,2-month-gap-6,full,TB,early,5,7,28.57,14.29,3.906,5.0,2.0,-21.43,LOW-N
M1-M3,2-month-gap-6,full,TB,early,10,7,57.14,42.86,3.906,6.0,2.5,7.14,LOW-N
M1-M3,2-month-gap-6,full,TB,early,20,7,71.43,57.14,3.65,6.5,3.0,21.43,LOW-N
M1-M3,2-month-gap-6,full,TB,established,5,3,0.0,66.67,2.499,2.0,,-50.0,LOW-N
M1-M3,2-month-gap-6,full,TB,established,10,3,0.0,66.67,2.499,2.0,,-50.0,LOW-N
M1-M3,2-month-gap-6,full,TB,established,20,3,100.0,66.67,2.499,2.0,10.0,50.0,LOW-N
M1-M3,2-month-gap-6,full,TB,mid,5,16,37.5,37.5,2.39,1.0,2.0,-12.5,LOW-N
M1-M3,2-month-gap-6,full,TB,mid,10,16,37.5,37.5,2.547,1.5,2.0,-12.5,LOW-N
M1-M3,2-month-gap-6,full,TB,mid,20,16,81.25,56.25,2.632,6.0,14.0,31.25,LOW-N
M2-M4,2-month-gap-6,full,C,early,5,10,20.0,20.0,2.127,1.0,2.5,-30.0,LOW-N
M2-M4,2-month-gap-6,full,C,early,10,10,70.0,30.0,2.151,1.0,8.0,20.0,LOW-N
M2-M4,2-month-gap-6,full,C,early,20,10,90.0,50.0,2.269,9.0,8.0,40.0,LOW-N
M2-M4,2-month-gap-6,full,C,established,5,177,14.69,51.41,2.572,2.0,3.0,-35.31,
M2-M4,2-month-gap-6,full,C,established,10,177,35.03,57.63,2.605,3.0,4.5,-14.97,
M2-M4,2-month-gap-6,full,C,established,20,176,50.57,63.64,2.643,4.0,6.0,0.57,
M2-M4,2-month-gap-6,full,C,mid,5,32,50.0,43.75,2.213,1.0,2.0,0.0,
M2-M4,2-month-gap-6,full,C,mid,10,32,71.88,53.12,2.31,1.0,2.0,21.88,
M2-M4,2-month-gap-6,full,C,mid,20,32,87.5,53.12,2.32,1.0,2.5,37.5,
M2-M4,2-month-gap-6,full,F,early,5,13,7.69,15.38,3.313,4.5,1.0,-42.31,LOW-N
M2-M4,2-month-gap-6,full,F,early,10,13,7.69,30.77,2.519,5.5,1.0,-42.31,LOW-N
M2-M4,2-month-gap-6,full,F,early,20,13,23.08,46.15,2.573,8.5,17.0,-26.92,LOW-N
M2-M4,2-month-gap-6,full,F,established,5,0,,,,,,,
M2-M4,2-month-gap-6,full,F,established,10,0,,,,,,,
M2-M4,2-month-gap-6,full,F,established,20,0,,,,,,,
M2-M4,2-month-gap-6,full,F,mid,5,14,14.29,35.71,2.399,2.0,1.5,-35.71,LOW-N
M2-M4,2-month-gap-6,full,F,mid,10,14,21.43,42.86,2.349,2.5,2.0,-28.57,LOW-N
M2-M4,2-month-gap-6,full,F,mid,20,14,35.71,57.14,2.477,13.5,9.0,-14.29,LOW-N
M2-M4,2-month-gap-6,full,MB,early,5,17,5.88,5.88,2.693,1.0,1.0,-44.12,LOW-N
M2-M4,2-month-gap-6,full,MB,early,10,17,29.41,5.88,2.693,1.0,9.0,-20.59,LOW-N
M2-M4,2-month-gap-6,full,MB,early,20,17,52.94,58.82,3.213,16.0,10.0,2.94,LOW-N
M2-M4,2-month-gap-6,full,MB,established,5,2,0.0,0.0,,,,-50.0,LOW-N
M2-M4,2-month-gap-6,full,MB,established,10,2,0.0,0.0,,,,-50.0,LOW-N
M2-M4,2-month-gap-6,full,MB,established,20,2,100.0,0.0,,,15.5,50.0,LOW-N
M2-M4,2-month-gap-6,full,MB,mid,5,10,40.0,20.0,2.083,1.0,2.0,-10.0,LOW-N
M2-M4,2-month-gap-6,full,MB,mid,10,10,40.0,30.0,2.313,9.0,2.0,-10.0,LOW-N
M2-M4,2-month-gap-6,full,MB,mid,20,10,50.0,40.0,2.891,12.5,2.0,0.0,LOW-N
M2-M4,2-month-gap-6,full,SB,early,5,43,6.98,23.26,2.706,3.5,4.0,-43.02,
M2-M4,2-month-gap-6,full,SB,early,10,43,23.26,34.88,2.707,5.0,6.0,-26.74,
M2-M4,2-month-gap-6,full,SB,early,20,43,55.81,44.19,2.694,8.0,9.5,5.81,
M2-M4,2-month-gap-6,full,SB,established,5,34,11.76,38.24,2.64,2.0,1.0,-38.24,
M2-M4,2-month-gap-6,full,SB,established,10,34,23.53,47.06,3.163,5.5,2.0,-26.47,
M2-M4,2-month-gap-6,full,SB,established,20,34,52.94,50.0,3.235,6.0,2.0,2.94,
M2-M4,2-month-gap-6,full,SB,mid,5,77,36.36,41.56,2.12,1.0,3.0,-13.64,
M2-M4,2-month-gap-6,full,SB,mid,10,77,44.16,53.25,2.194,2.0,3.0,-5.84,
M2-M4,2-month-gap-6,full,SB,mid,20,77,62.34,64.94,2.847,10.0,3.0,12.34,
M2-M4,2-month-gap-6,full,TB,early,5,7,42.86,14.29,3.705,5.0,3.0,-7.14,LOW-N
M2-M4,2-month-gap-6,full,TB,early,10,7,42.86,42.86,3.705,6.0,3.0,-7.14,LOW-N
M2-M4,2-month-gap-6,full,TB,early,20,7,71.43,42.86,3.705,6.0,3.0,21.43,LOW-N
M2-M4,2-month-gap-6,full,TB,established,5,4,0.0,75.0,2.971,3.0,,-50.0,LOW-N
M2-M4,2-month-gap-6,full,TB,established,10,4,50.0,75.0,2.971,3.0,9.5,0.0,LOW-N
M2-M4,2-month-gap-6,full,TB,established,20,4,100.0,75.0,2.971,3.0,11.0,50.0,LOW-N
M2-M4,2-month-gap-6,full,TB,mid,5,13,23.08,46.15,2.351,2.5,2.0,-26.92,LOW-N
M2-M4,2-month-gap-6,full,TB,mid,10,13,30.77,46.15,2.755,2.5,2.5,-19.23,LOW-N
M2-M4,2-month-gap-6,full,TB,mid,20,13,76.92,69.23,2.656,9.0,12.5,26.92,LOW-N
M3-M5,2-month-gap-6,full,C,early,5,15,13.33,33.33,2.342,1.0,1.5,-36.67,LOW-N
M3-M5,2-month-gap-6,full,C,early,10,15,66.67,40.0,2.398,2.5,6.5,16.67,LOW-N
M3-M5,2-month-gap-6,full,C,early,20,15,100.0,46.67,2.349,4.0,6.0,50.0,LOW-N
M3-M5,2-month-gap-6,full,C,established,5,188,7.98,51.06,2.408,2.0,2.0,-42.02,
M3-M5,2-month-gap-6,full,C,established,10,188,22.87,59.04,2.595,4.0,4.0,-27.13,
M3-M5,2-month-gap-6,full,C,established,20,185,41.08,69.73,2.687,7.0,7.0,-8.92,
M3-M5,2-month-gap-6,full,C,mid,5,33,33.33,42.42,2.206,2.5,3.0,-16.67,
M3-M5,2-month-gap-6,full,C,mid,10,33,60.61,51.52,2.166,3.0,3.0,10.61,
M3-M5,2-month-gap-6,full,C,mid,20,31,93.55,61.29,2.426,5.0,4.0,43.55,
M3-M5,2-month-gap-6,full,F,early,5,12,41.67,16.67,2.524,1.5,2.0,-8.33,LOW-N
M3-M5,2-month-gap-6,full,F,early,10,12,50.0,16.67,2.524,1.5,2.5,0.0,LOW-N
M3-M5,2-month-gap-6,full,F,early,20,12,75.0,66.67,2.561,15.5,3.0,25.0,LOW-N
M3-M5,2-month-gap-6,full,F,established,5,0,,,,,,,
M3-M5,2-month-gap-6,full,F,established,10,0,,,,,,,
M3-M5,2-month-gap-6,full,F,established,20,0,,,,,,,
M3-M5,2-month-gap-6,full,F,mid,5,9,33.33,33.33,2.231,1.0,2.0,-16.67,LOW-N
M3-M5,2-month-gap-6,full,F,mid,10,9,33.33,44.44,2.194,1.5,2.0,-16.67,LOW-N
M3-M5,2-month-gap-6,full,F,mid,20,9,77.78,44.44,2.194,1.5,15.0,27.78,LOW-N
M3-M5,2-month-gap-6,full,MB,early,5,25,0.0,8.0,2.902,1.0,,-50.0,
M3-M5,2-month-gap-6,full,MB,early,10,25,32.0,20.0,2.156,7.0,8.0,-18.0,
M3-M5,2-month-gap-6,full,MB,early,20,25,48.0,48.0,2.842,13.5,9.0,-2.0,
M3-M5,2-month-gap-6,full,MB,established,5,0,,,,,,,
M3-M5,2-month-gap-6,full,MB,established,10,0,,,,,,,
M3-M5,2-month-gap-6,full,MB,established,20,0,,,,,,,
M3-M5,2-month-gap-6,full,MB,mid,5,8,12.5,12.5,1.877,1.0,1.0,-37.5,LOW-N
M3-M5,2-month-gap-6,full,MB,mid,10,8,12.5,25.0,1.877,4.5,1.0,-37.5,LOW-N
M3-M5,2-month-gap-6,full,MB,mid,20,8,37.5,37.5,1.855,8.0,1.0,-12.5,LOW-N
M3-M5,2-month-gap-6,full,SB,early,5,40,12.5,32.5,3.004,2.0,3.0,-37.5,
M3-M5,2-month-gap-6,full,SB,early,10,40,30.0,42.5,2.944,4.0,5.5,-20.0,
M3-M5,2-month-gap-6,full,SB,early,20,40,62.5,47.5,2.915,4.0,9.0,12.5,
M3-M5,2-month-gap-6,full,SB,established,5,46,19.57,47.83,2.399,2.5,2.0,-30.43,
M3-M5,2-month-gap-6,full,SB,established,10,46,26.09,56.52,2.511,3.0,2.5,-23.91,
M3-M5,2-month-gap-6,full,SB,established,20,46,39.13,63.04,2.784,5.0,3.0,-10.87,
M3-M5,2-month-gap-6,full,SB,mid,5,57,38.6,40.35,2.202,2.0,2.0,-11.4,
M3-M5,2-month-gap-6,full,SB,mid,10,57,54.39,45.61,2.257,3.0,3.0,4.39,
M3-M5,2-month-gap-6,full,SB,mid,20,57,85.96,54.39,2.601,9.0,5.0,35.96,
M3-M5,2-month-gap-6,full,TB,early,5,6,16.67,16.67,2.624,2.0,1.0,-33.33,LOW-N
M3-M5,2-month-gap-6,full,TB,early,10,6,16.67,16.67,2.624,2.0,1.0,-33.33,LOW-N
M3-M5,2-month-gap-6,full,TB,early,20,6,33.33,33.33,2.25,10.5,1.0,-16.67,LOW-N
M3-M5,2-month-gap-6,full,TB,established,5,1,0.0,0.0,,,,-50.0,LOW-N
M3-M5,2-month-gap-6,full,TB,established,10,1,100.0,0.0,,,9.0,50.0,LOW-N
M3-M5,2-month-gap-6,full,TB,established,20,1,100.0,0.0,,,9.0,50.0,LOW-N
M3-M5,2-month-gap-6,full,TB,mid,5,9,22.22,22.22,2.657,1.0,1.0,-27.78,LOW-N
M3-M5,2-month-gap-6,full,TB,mid,10,9,22.22,22.22,2.657,1.0,1.0,-27.78,LOW-N
M3-M5,2-month-gap-6,full,TB,mid,20,9,44.44,22.22,2.657,1.0,2.5,-5.56,LOW-N
M4-M6,2-month-gap-6,full,C,early,5,11,27.27,18.18,2.452,1.0,2.0,-22.73,LOW-N
M4-M6,2-month-gap-6,full,C,early,10,11,90.91,18.18,2.452,1.0,4.0,40.91,LOW-N
M4-M6,2-month-gap-6,full,C,early,20,11,100.0,18.18,2.452,1.0,5.0,50.0,LOW-N
M4-M6,2-month-gap-6,full,C,established,5,179,13.41,49.16,2.325,2.0,3.0,-36.59,
M4-M6,2-month-gap-6,full,C,established,10,179,27.37,55.87,2.392,3.0,4.0,-22.63,
M4-M6,2-month-gap-6,full,C,established,20,178,42.7,65.73,2.42,4.0,6.0,-7.3,
M4-M6,2-month-gap-6,full,C,mid,5,27,44.44,33.33,2.153,1.0,2.0,-5.56,
M4-M6,2-month-gap-6,full,C,mid,10,27,74.07,44.44,2.153,2.5,3.5,24.07,
M4-M6,2-month-gap-6,full,C,mid,20,26,92.31,61.54,2.558,13.5,4.0,42.31,
M4-M6,2-month-gap-6,full,F,early,5,11,27.27,18.18,2.504,1.0,4.0,-22.73,LOW-N
M4-M6,2-month-gap-6,full,F,early,10,11,45.45,18.18,2.504,1.0,4.0,-4.55,LOW-N
M4-M6,2-month-gap-6,full,F,early,20,11,72.73,54.55,2.754,15.5,3.5,22.73,LOW-N
M4-M6,2-month-gap-6,full,F,established,5,0,,,,,,,
M4-M6,2-month-gap-6,full,F,established,10,0,,,,,,,
M4-M6,2-month-gap-6,full,F,established,20,0,,,,,,,
M4-M6,2-month-gap-6,full,F,mid,5,15,26.67,40.0,2.002,1.0,2.0,-23.33,LOW-N
M4-M6,2-month-gap-6,full,F,mid,10,15,26.67,40.0,2.002,1.0,2.0,-23.33,LOW-N
M4-M6,2-month-gap-6,full,F,mid,20,15,46.67,53.33,2.262,4.5,3.0,-3.33,LOW-N
M4-M6,2-month-gap-6,full,MB,early,5,25,16.0,4.0,4.126,5.0,3.5,-34.0,
M4-M6,2-month-gap-6,full,MB,early,10,25,28.0,4.0,4.126,5.0,4.0,-22.0,
M4-M6,2-month-gap-6,full,MB,early,20,25,60.0,24.0,3.069,16.5,8.0,10.0,
M4-M6,2-month-gap-6,full,MB,established,5,0,,,,,,,
M4-M6,2-month-gap-6,full,MB,established,10,0,,,,,,,
M4-M6,2-month-gap-6,full,MB,established,20,0,,,,,,,
M4-M6,2-month-gap-6,full,MB,mid,5,13,38.46,38.46,1.94,2.0,2.0,-11.54,LOW-N
M4-M6,2-month-gap-6,full,MB,mid,10,13,38.46,38.46,1.94,2.0,2.0,-11.54,LOW-N
M4-M6,2-month-gap-6,full,MB,mid,20,13,46.15,46.15,2.217,2.5,2.0,-3.85,LOW-N
M4-M6,2-month-gap-6,full,SB,early,5,34,14.71,26.47,3.024,2.0,1.0,-35.29,
M4-M6,2-month-gap-6,full,SB,early,10,34,35.29,32.35,2.943,3.0,3.5,-14.71,
M4-M6,2-month-gap-6,full,SB,early,20,34,67.65,38.24,2.96,3.0,6.0,17.65,
M4-M6,2-month-gap-6,full,SB,established,5,51,29.41,49.02,2.722,2.0,2.0,-20.59,
M4-M6,2-month-gap-6,full,SB,established,10,51,39.22,52.94,2.859,3.0,3.0,-10.78,
M4-M6,2-month-gap-6,full,SB,established,20,51,47.06,62.75,2.902,5.5,3.0,-2.94,
M4-M6,2-month-gap-6,full,SB,mid,5,40,37.5,37.5,2.409,3.0,2.0,-12.5,
M4-M6,2-month-gap-6,full,SB,mid,10,40,65.0,42.5,2.449,3.0,2.0,15.0,
M4-M6,2-month-gap-6,full,SB,mid,20,40,85.0,55.0,2.826,8.5,3.5,35.0,
M4-M6,2-month-gap-6,full,TB,early,5,8,25.0,25.0,2.95,3.5,2.5,-25.0,LOW-N
M4-M6,2-month-gap-6,full,TB,early,10,8,50.0,50.0,2.95,5.0,5.0,0.0,LOW-N
M4-M6,2-month-gap-6,full,TB,early,20,8,50.0,50.0,2.95,5.0,5.0,0.0,LOW-N
M4-M6,2-month-gap-6,full,TB,established,5,2,0.0,0.0,,,,-50.0,LOW-N
M4-M6,2-month-gap-6,full,TB,established,10,2,0.0,0.0,,,,-50.0,LOW-N
M4-M6,2-month-gap-6,full,TB,established,20,2,100.0,0.0,,,2.0,50.0,LOW-N
M4-M6,2-month-gap-6,full,TB,mid,5,10,10.0,40.0,2.257,1.5,3.0,-40.0,LOW-N
M4-M6,2-month-gap-6,full,TB,mid,10,10,10.0,50.0,2.269,2.0,3.0,-40.0,LOW-N
M4-M6,2-month-gap-6,full,TB,mid,20,10,40.0,60.0,2.257,2.0,15.0,-10.0,LOW-N
M5-M7,2-month-gap-6,2008-2017,C,early,5,0,,,,,,,
M5-M7,2-month-gap-6,2008-2017,C,early,10,0,,,,,,,
M5-M7,2-month-gap-6,2008-2017,C,early,20,0,,,,,,,
M5-M7,2-month-gap-6,2008-2017,C,established,5,37,8.11,29.73,2.468,1.0,2.0,-41.89,
M5-M7,2-month-gap-6,2008-2017,C,established,10,37,16.22,37.84,2.704,3.5,2.0,-33.78,
M5-M7,2-month-gap-6,2008-2017,C,established,20,37,37.84,45.95,2.924,6.0,3.5,-12.16,
M5-M7,2-month-gap-6,2008-2017,C,mid,5,1,0.0,0.0,,,,-50.0,LOW-N
M5-M7,2-month-gap-6,2008-2017,C,mid,10,1,0.0,0.0,,,,-50.0,LOW-N
M5-M7,2-month-gap-6,2008-2017,C,mid,20,1,0.0,0.0,,,,-50.0,LOW-N
M5-M7,2-month-gap-6,2008-2017,F,early,5,0,,,,,,,
M5-M7,2-month-gap-6,2008-2017,F,early,10,0,,,,,,,
M5-M7,2-month-gap-6,2008-2017,F,early,20,0,,,,,,,
M5-M7,2-month-gap-6,2008-2017,F,established,5,0,,,,,,,
M5-M7,2-month-gap-6,2008-2017,F,established,10,0,,,,,,,
M5-M7,2-month-gap-6,2008-2017,F,established,20,0,,,,,,,
M5-M7,2-month-gap-6,2008-2017,F,mid,5,1,0.0,0.0,,,,-50.0,LOW-N
M5-M7,2-month-gap-6,2008-2017,F,mid,10,1,0.0,0.0,,,,-50.0,LOW-N
M5-M7,2-month-gap-6,2008-2017,F,mid,20,1,0.0,0.0,,,,-50.0,LOW-N
M5-M7,2-month-gap-6,2008-2017,MB,early,5,1,0.0,0.0,,,,-50.0,LOW-N
M5-M7,2-month-gap-6,2008-2017,MB,early,10,1,0.0,0.0,,,,-50.0,LOW-N
M5-M7,2-month-gap-6,2008-2017,MB,early,20,1,0.0,0.0,,,,-50.0,LOW-N
M5-M7,2-month-gap-6,2008-2017,MB,established,5,0,,,,,,,
M5-M7,2-month-gap-6,2008-2017,MB,established,10,0,,,,,,,
M5-M7,2-month-gap-6,2008-2017,MB,established,20,0,,,,,,,
M5-M7,2-month-gap-6,2008-2017,MB,mid,5,5,40.0,40.0,1.826,2.5,2.0,-10.0,LOW-N
M5-M7,2-month-gap-6,2008-2017,MB,mid,10,5,40.0,40.0,1.826,2.5,2.0,-10.0,LOW-N
M5-M7,2-month-gap-6,2008-2017,MB,mid,20,5,40.0,40.0,1.826,2.5,2.0,-10.0,LOW-N
M5-M7,2-month-gap-6,2008-2017,SB,early,5,2,0.0,50.0,1.904,1.0,,-50.0,LOW-N
M5-M7,2-month-gap-6,2008-2017,SB,early,10,2,0.0,50.0,1.904,1.0,,-50.0,LOW-N
M5-M7,2-month-gap-6,2008-2017,SB,early,20,2,0.0,50.0,1.904,1.0,,-50.0,LOW-N
M5-M7,2-month-gap-6,2008-2017,SB,established,5,14,7.14,35.71,2.007,1.0,1.0,-42.86,LOW-N
M5-M7,2-month-gap-6,2008-2017,SB,established,10,14,35.71,42.86,2.043,4.5,6.0,-14.29,LOW-N
M5-M7,2-month-gap-6,2008-2017,SB,established,20,14,35.71,57.14,2.14,12.5,6.0,-14.29,LOW-N
M5-M7,2-month-gap-6,2008-2017,SB,mid,5,7,14.29,14.29,1.523,1.0,1.0,-35.71,LOW-N
M5-M7,2-month-gap-6,2008-2017,SB,mid,10,7,14.29,14.29,1.523,1.0,1.0,-35.71,LOW-N
M5-M7,2-month-gap-6,2008-2017,SB,mid,20,7,14.29,14.29,1.523,1.0,1.0,-35.71,LOW-N
M5-M7,2-month-gap-6,2008-2017,TB,early,5,0,,,,,,,
M5-M7,2-month-gap-6,2008-2017,TB,early,10,0,,,,,,,
M5-M7,2-month-gap-6,2008-2017,TB,early,20,0,,,,,,,
M5-M7,2-month-gap-6,2008-2017,TB,established,5,0,,,,,,,
M5-M7,2-month-gap-6,2008-2017,TB,established,10,0,,,,,,,
M5-M7,2-month-gap-6,2008-2017,TB,established,20,0,,,,,,,
M5-M7,2-month-gap-6,2008-2017,TB,mid,5,2,0.0,50.0,1.975,1.0,,-50.0,LOW-N
M5-M7,2-month-gap-6,2008-2017,TB,mid,10,2,0.0,50.0,1.975,1.0,,-50.0,LOW-N
M5-M7,2-month-gap-6,2008-2017,TB,mid,20,2,0.0,50.0,1.975,1.0,,-50.0,LOW-N
M5-M7,2-month-gap-6,2018+,C,early,5,0,,,,,,,
M5-M7,2-month-gap-6,2018+,C,early,10,0,,,,,,,
M5-M7,2-month-gap-6,2018+,C,early,20,0,,,,,,,
M5-M7,2-month-gap-6,2018+,C,established,5,136,7.35,53.68,2.454,2.0,2.5,-42.65,
M5-M7,2-month-gap-6,2018+,C,established,10,136,8.82,59.56,2.578,3.0,2.5,-41.18,
M5-M7,2-month-gap-6,2018+,C,established,20,136,27.94,67.65,2.642,5.0,8.0,-22.06,
M5-M7,2-month-gap-6,2018+,C,mid,5,11,9.09,45.45,1.936,2.0,3.0,-40.91,LOW-N
M5-M7,2-month-gap-6,2018+,C,mid,10,11,36.36,45.45,1.936,2.0,4.0,-13.64,LOW-N
M5-M7,2-month-gap-6,2018+,C,mid,20,11,81.82,54.55,2.067,9.5,4.0,31.82,LOW-N
M5-M7,2-month-gap-6,2018+,F,early,5,0,,,,,,,
M5-M7,2-month-gap-6,2018+,F,early,10,0,,,,,,,
M5-M7,2-month-gap-6,2018+,F,early,20,0,,,,,,,
M5-M7,2-month-gap-6,2018+,F,established,5,0,,,,,,,
M5-M7,2-month-gap-6,2018+,F,established,10,0,,,,,,,
M5-M7,2-month-gap-6,2018+,F,established,20,0,,,,,,,
M5-M7,2-month-gap-6,2018+,F,mid,5,7,14.29,14.29,1.678,4.0,1.0,-35.71,LOW-N
M5-M7,2-month-gap-6,2018+,F,mid,10,7,14.29,14.29,1.678,4.0,1.0,-35.71,LOW-N
M5-M7,2-month-gap-6,2018+,F,mid,20,7,28.57,14.29,1.678,4.0,10.5,-21.43,LOW-N
M5-M7,2-month-gap-6,2018+,MB,early,5,0,,,,,,,
M5-M7,2-month-gap-6,2018+,MB,early,10,0,,,,,,,
M5-M7,2-month-gap-6,2018+,MB,early,20,0,,,,,,,
M5-M7,2-month-gap-6,2018+,MB,established,5,0,,,,,,,
M5-M7,2-month-gap-6,2018+,MB,established,10,0,,,,,,,
M5-M7,2-month-gap-6,2018+,MB,established,20,0,,,,,,,
M5-M7,2-month-gap-6,2018+,MB,mid,5,12,41.67,16.67,1.739,1.5,1.0,-8.33,LOW-N
M5-M7,2-month-gap-6,2018+,MB,mid,10,12,66.67,16.67,1.739,1.5,2.5,16.67,LOW-N
M5-M7,2-month-gap-6,2018+,MB,mid,20,12,75.0,41.67,2.242,11.0,3.0,25.0,LOW-N
M5-M7,2-month-gap-6,2018+,SB,early,5,0,,,,,,,
M5-M7,2-month-gap-6,2018+,SB,early,10,0,,,,,,,
M5-M7,2-month-gap-6,2018+,SB,early,20,0,,,,,,,
M5-M7,2-month-gap-6,2018+,SB,established,5,79,10.13,49.37,2.472,2.0,3.0,-39.87,
M5-M7,2-month-gap-6,2018+,SB,established,10,79,20.25,53.16,2.531,3.0,4.0,-29.75,
M5-M7,2-month-gap-6,2018+,SB,established,20,79,31.65,58.23,2.614,4.5,4.0,-18.35,
M5-M7,2-month-gap-6,2018+,SB,mid,5,41,29.27,31.71,2.194,1.0,2.0,-20.73,
M5-M7,2-month-gap-6,2018+,SB,mid,10,41,43.9,41.46,2.239,2.0,2.0,-6.1,
M5-M7,2-month-gap-6,2018+,SB,mid,20,41,70.73,60.98,2.173,6.0,3.0,20.73,
M5-M7,2-month-gap-6,2018+,TB,early,5,0,,,,,,,
M5-M7,2-month-gap-6,2018+,TB,early,10,0,,,,,,,
M5-M7,2-month-gap-6,2018+,TB,early,20,0,,,,,,,
M5-M7,2-month-gap-6,2018+,TB,established,5,4,0.0,25.0,1.684,2.0,,-50.0,LOW-N
M5-M7,2-month-gap-6,2018+,TB,established,10,4,0.0,50.0,1.75,6.0,,-50.0,LOW-N
M5-M7,2-month-gap-6,2018+,TB,established,20,4,100.0,50.0,1.816,11.0,13.5,50.0,LOW-N
M5-M7,2-month-gap-6,2018+,TB,mid,5,1,100.0,0.0,,,3.0,50.0,LOW-N
M5-M7,2-month-gap-6,2018+,TB,mid,10,1,100.0,100.0,2.323,9.0,3.0,50.0,LOW-N
M5-M7,2-month-gap-6,2018+,TB,mid,20,1,100.0,100.0,2.323,9.0,3.0,50.0,LOW-N
M6-M8,2-month-gap-6,2008-2017,C,early,5,0,,,,,,,
M6-M8,2-month-gap-6,2008-2017,C,early,10,0,,,,,,,
M6-M8,2-month-gap-6,2008-2017,C,early,20,0,,,,,,,
M6-M8,2-month-gap-6,2008-2017,C,established,5,27,7.41,29.63,2.444,1.0,2.0,-42.59,
M6-M8,2-month-gap-6,2008-2017,C,established,10,27,18.52,29.63,2.511,1.5,7.0,-31.48,
M6-M8,2-month-gap-6,2008-2017,C,established,20,27,37.04,37.04,2.696,2.0,7.5,-12.96,
M6-M8,2-month-gap-6,2008-2017,C,mid,5,7,28.57,0.0,,,2.5,-21.43,LOW-N
M6-M8,2-month-gap-6,2008-2017,C,mid,10,7,42.86,28.57,1.866,6.5,3.0,-7.14,LOW-N
M6-M8,2-month-gap-6,2008-2017,C,mid,20,4,100.0,75.0,1.946,7.0,2.5,50.0,LOW-N
M6-M8,2-month-gap-6,2008-2017,F,early,5,0,,,,,,,
M6-M8,2-month-gap-6,2008-2017,F,early,10,0,,,,,,,
M6-M8,2-month-gap-6,2008-2017,F,early,20,0,,,,,,,
M6-M8,2-month-gap-6,2008-2017,F,established,5,0,,,,,,,
M6-M8,2-month-gap-6,2008-2017,F,established,10,0,,,,,,,
M6-M8,2-month-gap-6,2008-2017,F,established,20,0,,,,,,,
M6-M8,2-month-gap-6,2008-2017,F,mid,5,8,0.0,50.0,2.225,1.5,,-50.0,LOW-N
M6-M8,2-month-gap-6,2008-2017,F,mid,10,8,0.0,50.0,2.225,1.5,,-50.0,LOW-N
M6-M8,2-month-gap-6,2008-2017,F,mid,20,8,0.0,50.0,2.225,1.5,,-50.0,LOW-N
M6-M8,2-month-gap-6,2008-2017,MB,early,5,0,,,,,,,
M6-M8,2-month-gap-6,2008-2017,MB,early,10,0,,,,,,,
M6-M8,2-month-gap-6,2008-2017,MB,early,20,0,,,,,,,
M6-M8,2-month-gap-6,2008-2017,MB,established,5,0,,,,,,,
M6-M8,2-month-gap-6,2008-2017,MB,established,10,0,,,,,,,
M6-M8,2-month-gap-6,2008-2017,MB,established,20,0,,,,,,,
M6-M8,2-month-gap-6,2008-2017,MB,mid,5,2,0.0,0.0,,,,-50.0,LOW-N
M6-M8,2-month-gap-6,2008-2017,MB,mid,10,2,0.0,0.0,,,,-50.0,LOW-N
M6-M8,2-month-gap-6,2008-2017,MB,mid,20,2,0.0,0.0,,,,-50.0,LOW-N
M6-M8,2-month-gap-6,2008-2017,SB,early,5,0,,,,,,,
M6-M8,2-month-gap-6,2008-2017,SB,early,10,0,,,,,,,
M6-M8,2-month-gap-6,2008-2017,SB,early,20,0,,,,,,,
M6-M8,2-month-gap-6,2008-2017,SB,established,5,8,12.5,25.0,3.008,2.0,5.0,-37.5,LOW-N
M6-M8,2-month-gap-6,2008-2017,SB,established,10,8,12.5,25.0,3.008,2.0,5.0,-37.5,LOW-N
M6-M8,2-month-gap-6,2008-2017,SB,established,20,8,12.5,25.0,3.008,2.0,5.0,-37.5,LOW-N
M6-M8,2-month-gap-6,2008-2017,SB,mid,5,8,0.0,37.5,2.589,3.0,,-50.0,LOW-N
M6-M8,2-month-gap-6,2008-2017,SB,mid,10,8,0.0,37.5,2.589,3.0,,-50.0,LOW-N
M6-M8,2-month-gap-6,2008-2017,SB,mid,20,8,0.0,37.5,2.589,3.0,,-50.0,LOW-N
M6-M8,2-month-gap-6,2008-2017,TB,early,5,0,,,,,,,
M6-M8,2-month-gap-6,2008-2017,TB,early,10,0,,,,,,,
M6-M8,2-month-gap-6,2008-2017,TB,early,20,0,,,,,,,
M6-M8,2-month-gap-6,2008-2017,TB,established,5,0,,,,,,,
M6-M8,2-month-gap-6,2008-2017,TB,established,10,0,,,,,,,
M6-M8,2-month-gap-6,2008-2017,TB,established,20,0,,,,,,,
M6-M8,2-month-gap-6,2008-2017,TB,mid,5,8,25.0,25.0,2.138,1.0,2.0,-25.0,LOW-N
M6-M8,2-month-gap-6,2008-2017,TB,mid,10,8,25.0,25.0,2.138,1.0,2.0,-25.0,LOW-N
M6-M8,2-month-gap-6,2008-2017,TB,mid,20,8,25.0,25.0,2.138,1.0,2.0,-25.0,LOW-N
M6-M8,2-month-gap-6,2018+,C,early,5,0,,,,,,,
M6-M8,2-month-gap-6,2018+,C,early,10,0,,,,,,,
M6-M8,2-month-gap-6,2018+,C,early,20,0,,,,,,,
M6-M8,2-month-gap-6,2018+,C,established,5,141,2.84,60.28,2.515,2.0,2.5,-47.16,
M6-M8,2-month-gap-6,2018+,C,established,10,141,4.96,63.83,2.541,3.0,3.0,-45.04,
M6-M8,2-month-gap-6,2018+,C,established,20,141,17.73,66.67,2.582,3.0,6.0,-32.27,
M6-M8,2-month-gap-6,2018+,C,mid,5,14,21.43,57.14,2.145,1.5,3.0,-28.57,LOW-N
M6-M8,2-month-gap-6,2018+,C,mid,10,14,28.57,57.14,2.227,2.0,3.5,-21.43,LOW-N
M6-M8,2-month-gap-6,2018+,C,mid,20,14,57.14,71.43,2.291,2.5,5.5,7.14,LOW-N
M6-M8,2-month-gap-6,2018+,F,early,5,0,,,,,,,
M6-M8,2-month-gap-6,2018+,F,early,10,0,,,,,,,
M6-M8,2-month-gap-6,2018+,F,early,20,0,,,,,,,
M6-M8,2-month-gap-6,2018+,F,established,5,0,,,,,,,
M6-M8,2-month-gap-6,2018+,F,established,10,0,,,,,,,
M6-M8,2-month-gap-6,2018+,F,established,20,0,,,,,,,
M6-M8,2-month-gap-6,2018+,F,mid,5,8,25.0,37.5,2.345,3.0,3.0,-25.0,LOW-N
M6-M8,2-month-gap-6,2018+,F,mid,10,8,62.5,37.5,2.345,3.0,7.0,12.5,LOW-N
M6-M8,2-month-gap-6,2018+,F,mid,20,8,87.5,37.5,2.345,3.0,8.0,37.5,LOW-N
M6-M8,2-month-gap-6,2018+,MB,early,5,0,,,,,,,
M6-M8,2-month-gap-6,2018+,MB,early,10,0,,,,,,,
M6-M8,2-month-gap-6,2018+,MB,early,20,0,,,,,,,
M6-M8,2-month-gap-6,2018+,MB,established,5,1,0.0,0.0,,,,-50.0,LOW-N
M6-M8,2-month-gap-6,2018+,MB,established,10,1,0.0,0.0,,,,-50.0,LOW-N
M6-M8,2-month-gap-6,2018+,MB,established,20,1,0.0,100.0,2.491,11.0,,-50.0,LOW-N
M6-M8,2-month-gap-6,2018+,MB,mid,5,8,37.5,12.5,1.695,1.0,2.0,-12.5,LOW-N
M6-M8,2-month-gap-6,2018+,MB,mid,10,8,37.5,12.5,1.695,1.0,2.0,-12.5,LOW-N
M6-M8,2-month-gap-6,2018+,MB,mid,20,8,50.0,37.5,2.226,19.0,2.5,0.0,LOW-N
M6-M8,2-month-gap-6,2018+,SB,early,5,0,,,,,,,
M6-M8,2-month-gap-6,2018+,SB,early,10,0,,,,,,,
M6-M8,2-month-gap-6,2018+,SB,early,20,0,,,,,,,
M6-M8,2-month-gap-6,2018+,SB,established,5,91,4.4,51.65,2.498,3.0,1.0,-45.6,
M6-M8,2-month-gap-6,2018+,SB,established,10,91,14.29,54.95,2.576,3.0,2.0,-35.71,
M6-M8,2-month-gap-6,2018+,SB,established,20,91,37.36,60.44,2.627,4.0,9.5,-12.64,
M6-M8,2-month-gap-6,2018+,SB,mid,5,45,22.22,44.44,2.292,1.0,2.5,-27.78,
M6-M8,2-month-gap-6,2018+,SB,mid,10,45,37.78,51.11,2.381,2.0,2.0,-12.22,
M6-M8,2-month-gap-6,2018+,SB,mid,20,45,64.44,62.22,2.367,4.5,4.0,14.44,
M6-M8,2-month-gap-6,2018+,TB,early,5,0,,,,,,,
M6-M8,2-month-gap-6,2018+,TB,early,10,0,,,,,,,
M6-M8,2-month-gap-6,2018+,TB,early,20,0,,,,,,,
M6-M8,2-month-gap-6,2018+,TB,established,5,3,0.0,66.67,2.228,2.0,,-50.0,LOW-N
M6-M8,2-month-gap-6,2018+,TB,established,10,3,0.0,66.67,2.228,2.0,,-50.0,LOW-N
M6-M8,2-month-gap-6,2018+,TB,established,20,3,66.67,100.0,2.301,13.0,10.5,16.67,LOW-N
M6-M8,2-month-gap-6,2018+,TB,mid,5,0,,,,,,,
M6-M8,2-month-gap-6,2018+,TB,mid,10,0,,,,,,,
M6-M8,2-month-gap-6,2018+,TB,mid,20,0,,,,,,,
